component_name,expected_visible,export_visibility_state,alpha,display_color,visibility_risk,notes
base_plate_1200x900x15,yes,visible,1.000,"rgba(0.700,0.720,0.740,1.000)",low,visible compound STEP geometry
xz_adapter_plate_simplified,yes,visible,1.000,"rgba(0.500,0.540,0.560,1.000)",low,visible compound STEP geometry
xz_adapter_plate_simplified,yes,visible,1.000,"rgba(0.040,0.040,0.040,1.000)",low,visible compound STEP geometry
xz_adapter_plate_simplified,yes,visible,1.000,"rgba(0.040,0.040,0.040,1.000)",low,visible compound STEP geometry
xz_adapter_plate_simplified,yes,visible,1.000,"rgba(0.040,0.040,0.040,1.000)",low,visible compound STEP geometry
xz_adapter_plate_simplified,yes,visible,1.000,"rgba(0.040,0.040,0.040,1.000)",low,visible compound STEP geometry
scan_tube_holder,yes,visible,1.000,"rgba(0.320,0.340,0.350,1.000)",low,visible compound STEP geometry
scan_tube_holder,yes,visible,1.000,"rgba(0.040,0.040,0.040,1.000)",low,visible compound STEP geometry
barcode_scanner_mount_bracket,yes,visible,1.000,"rgba(0.320,0.340,0.350,1.000)",low,visible compound STEP geometry
barcode_scanner_mount_bracket,yes,visible,1.000,"rgba(0.320,0.340,0.350,1.000)",low,visible compound STEP geometry
barcode_scanner_mount_bracket,yes,visible,1.000,"rgba(0.320,0.340,0.350,1.000)",low,visible compound STEP geometry
photoelectric_sensor_mount_bracket,yes,visible,1.000,"rgba(0.320,0.340,0.350,1.000)",low,visible compound STEP geometry
photoelectric_sensor_mount_bracket,yes,visible,1.000,"rgba(0.320,0.340,0.350,1.000)",low,visible compound STEP geometry
photoelectric_sensor_mount_bracket,yes,visible,1.000,"rgba(0.320,0.340,0.350,1.000)",low,visible compound STEP geometry
left_y_axis_module,yes,visible,1.000,"rgba(0.220,0.230,0.240,1.000)",low,visible compound STEP geometry
right_y_axis_module,yes,visible,1.000,"rgba(0.220,0.230,0.240,1.000)",low,visible compound STEP geometry
x_axis_module_on_gantry,yes,visible,1.000,"rgba(0.220,0.230,0.240,1.000)",low,visible compound STEP geometry
z_axis_module,yes,visible,1.000,"rgba(0.220,0.230,0.240,1.000)",low,visible compound STEP geometry
input_box_1,yes,visible,1.000,"rgba(0.650,0.760,0.880,1.000)",low,visible compound STEP geometry
input_box_2,yes,visible,1.000,"rgba(0.650,0.760,0.880,1.000)",low,visible compound STEP geometry
input_box_3,yes,visible,1.000,"rgba(0.650,0.760,0.880,1.000)",low,visible compound STEP geometry
input_box_4,yes,visible,1.000,"rgba(0.650,0.760,0.880,1.000)",low,visible compound STEP geometry
barcode_scanner,yes,visible,1.000,"rgba(0.060,0.060,0.060,1.000)",low,visible compound STEP geometry
photoelectric_sensor,yes,visible,1.000,"rgba(0.140,0.140,0.140,1.000)",low,visible compound STEP geometry
category_A_output_box_4x6,yes,visible,1.000,"rgba(0.580,0.450,0.720,1.000)",low,visible compound STEP geometry
category_B_output_box_4x6,yes,visible,1.000,"rgba(0.860,0.750,0.360,1.000)",low,visible compound STEP geometry
category_C_output_box_4x6,yes,visible,1.000,"rgba(0.450,0.610,0.820,1.000)",low,visible compound STEP geometry
category_D_output_box_4x6,yes,visible,1.000,"rgba(0.750,0.420,0.400,1.000)",low,visible compound STEP geometry
manual_review_bin_2x3,yes,visible,1.000,"rgba(0.580,0.580,0.580,1.000)",low,visible compound STEP geometry
input_box_1_demo_tube_01_purple75,yes,visible,0.550,"rgba(0.780,0.840,0.880,0.550)",low,visible compound STEP geometry
input_box_1_demo_tube_01_purple75,yes,visible,1.000,"rgba(0.450,0.160,0.750,1.000)",low,visible compound STEP geometry
input_box_1_demo_tube_01_purple75,yes,visible,1.000,"rgba(1.000,1.000,1.000,1.000)",low,visible compound STEP geometry
input_box_1_demo_tube_01_purple75,yes,visible,1.000,"rgba(0.000,0.000,0.000,1.000)",low,visible compound STEP geometry
input_box_1_demo_tube_01_purple75,yes,visible,1.000,"rgba(0.000,0.000,0.000,1.000)",low,visible compound STEP geometry
input_box_1_demo_tube_01_purple75,yes,visible,1.000,"rgba(0.000,0.000,0.000,1.000)",low,visible compound STEP geometry
input_box_1_demo_tube_01_purple75,yes,visible,1.000,"rgba(0.000,0.000,0.000,1.000)",low,visible compound STEP geometry
input_box_1_demo_tube_01_purple75,yes,visible,1.000,"rgba(0.000,0.000,0.000,1.000)",low,visible compound STEP geometry
input_box_1_demo_tube_01_purple75,yes,visible,1.000,"rgba(0.000,0.000,0.000,1.000)",low,visible compound STEP geometry
input_box_1_demo_tube_01_purple75,yes,visible,1.000,"rgba(0.000,0.000,0.000,1.000)",low,visible compound STEP geometry
input_box_1_demo_tube_02_yellow100,yes,visible,0.550,"rgba(0.780,0.840,0.880,0.550)",low,visible compound STEP geometry
input_box_1_demo_tube_02_yellow100,yes,visible,1.000,"rgba(1.000,0.820,0.050,1.000)",low,visible compound STEP geometry
input_box_1_demo_tube_02_yellow100,yes,visible,1.000,"rgba(1.000,1.000,1.000,1.000)",low,visible compound STEP geometry
input_box_1_demo_tube_02_yellow100,yes,visible,1.000,"rgba(0.000,0.000,0.000,1.000)",low,visible compound STEP geometry
input_box_1_demo_tube_02_yellow100,yes,visible,1.000,"rgba(0.000,0.000,0.000,1.000)",low,visible compound STEP geometry
input_box_1_demo_tube_02_yellow100,yes,visible,1.000,"rgba(0.000,0.000,0.000,1.000)",low,visible compound STEP geometry
input_box_1_demo_tube_02_yellow100,yes,visible,1.000,"rgba(0.000,0.000,0.000,1.000)",low,visible compound STEP geometry
input_box_1_demo_tube_02_yellow100,yes,visible,1.000,"rgba(0.000,0.000,0.000,1.000)",low,visible compound STEP geometry
input_box_1_demo_tube_02_yellow100,yes,visible,1.000,"rgba(0.000,0.000,0.000,1.000)",low,visible compound STEP geometry
input_box_1_demo_tube_02_yellow100,yes,visible,1.000,"rgba(0.000,0.000,0.000,1.000)",low,visible compound STEP geometry
input_box_1_demo_tube_03_blue75,yes,visible,0.550,"rgba(0.780,0.840,0.880,0.550)",low,visible compound STEP geometry
input_box_1_demo_tube_03_blue75,yes,visible,1.000,"rgba(0.080,0.340,0.950,1.000)",low,visible compound STEP geometry
input_box_1_demo_tube_03_blue75,yes,visible,1.000,"rgba(1.000,1.000,1.000,1.000)",low,visible compound STEP geometry
input_box_1_demo_tube_03_blue75,yes,visible,1.000,"rgba(0.000,0.000,0.000,1.000)",low,visible compound STEP geometry
input_box_1_demo_tube_03_blue75,yes,visible,1.000,"rgba(0.000,0.000,0.000,1.000)",low,visible compound STEP geometry
input_box_1_demo_tube_03_blue75,yes,visible,1.000,"rgba(0.000,0.000,0.000,1.000)",low,visible compound STEP geometry
input_box_1_demo_tube_03_blue75,yes,visible,1.000,"rgba(0.000,0.000,0.000,1.000)",low,visible compound STEP geometry
input_box_1_demo_tube_03_blue75,yes,visible,1.000,"rgba(0.000,0.000,0.000,1.000)",low,visible compound STEP geometry
input_box_1_demo_tube_03_blue75,yes,visible,1.000,"rgba(0.000,0.000,0.000,1.000)",low,visible compound STEP geometry
input_box_1_demo_tube_03_blue75,yes,visible,1.000,"rgba(0.000,0.000,0.000,1.000)",low,visible compound STEP geometry
input_box_1_demo_tube_04_red75,yes,visible,0.550,"rgba(0.780,0.840,0.880,0.550)",low,visible compound STEP geometry
input_box_1_demo_tube_04_red75,yes,visible,1.000,"rgba(0.860,0.050,0.050,1.000)",low,visible compound STEP geometry
input_box_1_demo_tube_04_red75,yes,visible,1.000,"rgba(1.000,1.000,1.000,1.000)",low,visible compound STEP geometry
input_box_1_demo_tube_04_red75,yes,visible,1.000,"rgba(0.000,0.000,0.000,1.000)",low,visible compound STEP geometry
input_box_1_demo_tube_04_red75,yes,visible,1.000,"rgba(0.000,0.000,0.000,1.000)",low,visible compound STEP geometry
input_box_1_demo_tube_04_red75,yes,visible,1.000,"rgba(0.000,0.000,0.000,1.000)",low,visible compound STEP geometry
input_box_1_demo_tube_04_red75,yes,visible,1.000,"rgba(0.000,0.000,0.000,1.000)",low,visible compound STEP geometry
input_box_1_demo_tube_04_red75,yes,visible,1.000,"rgba(0.000,0.000,0.000,1.000)",low,visible compound STEP geometry
input_box_1_demo_tube_04_red75,yes,visible,1.000,"rgba(0.000,0.000,0.000,1.000)",low,visible compound STEP geometry
input_box_1_demo_tube_04_red75,yes,visible,1.000,"rgba(0.000,0.000,0.000,1.000)",low,visible compound STEP geometry
input_box_1_demo_tube_05_purple75,yes,visible,0.550,"rgba(0.780,0.840,0.880,0.550)",low,visible compound STEP geometry
input_box_1_demo_tube_05_purple75,yes,visible,1.000,"rgba(0.450,0.160,0.750,1.000)",low,visible compound STEP geometry
input_box_1_demo_tube_05_purple75,yes,visible,1.000,"rgba(1.000,1.000,1.000,1.000)",low,visible compound STEP geometry
input_box_1_demo_tube_05_purple75,yes,visible,1.000,"rgba(0.000,0.000,0.000,1.000)",low,visible compound STEP geometry
input_box_1_demo_tube_05_purple75,yes,visible,1.000,"rgba(0.000,0.000,0.000,1.000)",low,visible compound STEP geometry
input_box_1_demo_tube_05_purple75,yes,visible,1.000,"rgba(0.000,0.000,0.000,1.000)",low,visible compound STEP geometry
input_box_1_demo_tube_05_purple75,yes,visible,1.000,"rgba(0.000,0.000,0.000,1.000)",low,visible compound STEP geometry
input_box_1_demo_tube_05_purple75,yes,visible,1.000,"rgba(0.000,0.000,0.000,1.000)",low,visible compound STEP geometry
input_box_1_demo_tube_05_purple75,yes,visible,1.000,"rgba(0.000,0.000,0.000,1.000)",low,visible compound STEP geometry
input_box_1_demo_tube_05_purple75,yes,visible,1.000,"rgba(0.000,0.000,0.000,1.000)",low,visible compound STEP geometry
input_box_2_demo_tube_01_purple75,yes,visible,0.550,"rgba(0.780,0.840,0.880,0.550)",low,visible compound STEP geometry
input_box_2_demo_tube_01_purple75,yes,visible,1.000,"rgba(0.450,0.160,0.750,1.000)",low,visible compound STEP geometry
input_box_2_demo_tube_01_purple75,yes,visible,1.000,"rgba(1.000,1.000,1.000,1.000)",low,visible compound STEP geometry
input_box_2_demo_tube_01_purple75,yes,visible,1.000,"rgba(0.000,0.000,0.000,1.000)",low,visible compound STEP geometry
input_box_2_demo_tube_01_purple75,yes,visible,1.000,"rgba(0.000,0.000,0.000,1.000)",low,visible compound STEP geometry
input_box_2_demo_tube_01_purple75,yes,visible,1.000,"rgba(0.000,0.000,0.000,1.000)",low,visible compound STEP geometry
input_box_2_demo_tube_01_purple75,yes,visible,1.000,"rgba(0.000,0.000,0.000,1.000)",low,visible compound STEP geometry
input_box_2_demo_tube_01_purple75,yes,visible,1.000,"rgba(0.000,0.000,0.000,1.000)",low,visible compound STEP geometry
input_box_2_demo_tube_01_purple75,yes,visible,1.000,"rgba(0.000,0.000,0.000,1.000)",low,visible compound STEP geometry
input_box_2_demo_tube_01_purple75,yes,visible,1.000,"rgba(0.000,0.000,0.000,1.000)",low,visible compound STEP geometry
input_box_2_demo_tube_02_yellow100,yes,visible,0.550,"rgba(0.780,0.840,0.880,0.550)",low,visible compound STEP geometry
input_box_2_demo_tube_02_yellow100,yes,visible,1.000,"rgba(1.000,0.820,0.050,1.000)",low,visible compound STEP geometry
input_box_2_demo_tube_02_yellow100,yes,visible,1.000,"rgba(1.000,1.000,1.000,1.000)",low,visible compound STEP geometry
input_box_2_demo_tube_02_yellow100,yes,visible,1.000,"rgba(0.000,0.000,0.000,1.000)",low,visible compound STEP geometry
input_box_2_demo_tube_02_yellow100,yes,visible,1.000,"rgba(0.000,0.000,0.000,1.000)",low,visible compound STEP geometry
input_box_2_demo_tube_02_yellow100,yes,visible,1.000,"rgba(0.000,0.000,0.000,1.000)",low,visible compound STEP geometry
input_box_2_demo_tube_02_yellow100,yes,visible,1.000,"rgba(0.000,0.000,0.000,1.000)",low,visible compound STEP geometry
input_box_2_demo_tube_02_yellow100,yes,visible,1.000,"rgba(0.000,0.000,0.000,1.000)",low,visible compound STEP geometry
input_box_2_demo_tube_02_yellow100,yes,visible,1.000,"rgba(0.000,0.000,0.000,1.000)",low,visible compound STEP geometry
input_box_2_demo_tube_02_yellow100,yes,visible,1.000,"rgba(0.000,0.000,0.000,1.000)",low,visible compound STEP geometry
input_box_2_demo_tube_03_blue75,yes,visible,0.550,"rgba(0.780,0.840,0.880,0.550)",low,visible compound STEP geometry
input_box_2_demo_tube_03_blue75,yes,visible,1.000,"rgba(0.080,0.340,0.950,1.000)",low,visible compound STEP geometry
input_box_2_demo_tube_03_blue75,yes,visible,1.000,"rgba(1.000,1.000,1.000,1.000)",low,visible compound STEP geometry
input_box_2_demo_tube_03_blue75,yes,visible,1.000,"rgba(0.000,0.000,0.000,1.000)",low,visible compound STEP geometry
input_box_2_demo_tube_03_blue75,yes,visible,1.000,"rgba(0.000,0.000,0.000,1.000)",low,visible compound STEP geometry
input_box_2_demo_tube_03_blue75,yes,visible,1.000,"rgba(0.000,0.000,0.000,1.000)",low,visible compound STEP geometry
input_box_2_demo_tube_03_blue75,yes,visible,1.000,"rgba(0.000,0.000,0.000,1.000)",low,visible compound STEP geometry
input_box_2_demo_tube_03_blue75,yes,visible,1.000,"rgba(0.000,0.000,0.000,1.000)",low,visible compound STEP geometry
input_box_2_demo_tube_03_blue75,yes,visible,1.000,"rgba(0.000,0.000,0.000,1.000)",low,visible compound STEP geometry
input_box_2_demo_tube_03_blue75,yes,visible,1.000,"rgba(0.000,0.000,0.000,1.000)",low,visible compound STEP geometry
input_box_2_demo_tube_04_red75,yes,visible,0.550,"rgba(0.780,0.840,0.880,0.550)",low,visible compound STEP geometry
input_box_2_demo_tube_04_red75,yes,visible,1.000,"rgba(0.860,0.050,0.050,1.000)",low,visible compound STEP geometry
input_box_2_demo_tube_04_red75,yes,visible,1.000,"rgba(1.000,1.000,1.000,1.000)",low,visible compound STEP geometry
input_box_2_demo_tube_04_red75,yes,visible,1.000,"rgba(0.000,0.000,0.000,1.000)",low,visible compound STEP geometry
input_box_2_demo_tube_04_red75,yes,visible,1.000,"rgba(0.000,0.000,0.000,1.000)",low,visible compound STEP geometry
input_box_2_demo_tube_04_red75,yes,visible,1.000,"rgba(0.000,0.000,0.000,1.000)",low,visible compound STEP geometry
input_box_2_demo_tube_04_red75,yes,visible,1.000,"rgba(0.000,0.000,0.000,1.000)",low,visible compound STEP geometry
input_box_2_demo_tube_04_red75,yes,visible,1.000,"rgba(0.000,0.000,0.000,1.000)",low,visible compound STEP geometry
input_box_2_demo_tube_04_red75,yes,visible,1.000,"rgba(0.000,0.000,0.000,1.000)",low,visible compound STEP geometry
input_box_2_demo_tube_04_red75,yes,visible,1.000,"rgba(0.000,0.000,0.000,1.000)",low,visible compound STEP geometry
input_box_2_demo_tube_05_purple75,yes,visible,0.550,"rgba(0.780,0.840,0.880,0.550)",low,visible compound STEP geometry
input_box_2_demo_tube_05_purple75,yes,visible,1.000,"rgba(0.450,0.160,0.750,1.000)",low,visible compound STEP geometry
input_box_2_demo_tube_05_purple75,yes,visible,1.000,"rgba(1.000,1.000,1.000,1.000)",low,visible compound STEP geometry
input_box_2_demo_tube_05_purple75,yes,visible,1.000,"rgba(0.000,0.000,0.000,1.000)",low,visible compound STEP geometry
input_box_2_demo_tube_05_purple75,yes,visible,1.000,"rgba(0.000,0.000,0.000,1.000)",low,visible compound STEP geometry
input_box_2_demo_tube_05_purple75,yes,visible,1.000,"rgba(0.000,0.000,0.000,1.000)",low,visible compound STEP geometry
input_box_2_demo_tube_05_purple75,yes,visible,1.000,"rgba(0.000,0.000,0.000,1.000)",low,visible compound STEP geometry
input_box_2_demo_tube_05_purple75,yes,visible,1.000,"rgba(0.000,0.000,0.000,1.000)",low,visible compound STEP geometry
input_box_2_demo_tube_05_purple75,yes,visible,1.000,"rgba(0.000,0.000,0.000,1.000)",low,visible compound STEP geometry
input_box_2_demo_tube_05_purple75,yes,visible,1.000,"rgba(0.000,0.000,0.000,1.000)",low,visible compound STEP geometry
input_box_3_demo_tube_01_purple75,yes,visible,0.550,"rgba(0.780,0.840,0.880,0.550)",low,visible compound STEP geometry
input_box_3_demo_tube_01_purple75,yes,visible,1.000,"rgba(0.450,0.160,0.750,1.000)",low,visible compound STEP geometry
input_box_3_demo_tube_01_purple75,yes,visible,1.000,"rgba(1.000,1.000,1.000,1.000)",low,visible compound STEP geometry
input_box_3_demo_tube_01_purple75,yes,visible,1.000,"rgba(0.000,0.000,0.000,1.000)",low,visible compound STEP geometry
input_box_3_demo_tube_01_purple75,yes,visible,1.000,"rgba(0.000,0.000,0.000,1.000)",low,visible compound STEP geometry
input_box_3_demo_tube_01_purple75,yes,visible,1.000,"rgba(0.000,0.000,0.000,1.000)",low,visible compound STEP geometry
input_box_3_demo_tube_01_purple75,yes,visible,1.000,"rgba(0.000,0.000,0.000,1.000)",low,visible compound STEP geometry
input_box_3_demo_tube_01_purple75,yes,visible,1.000,"rgba(0.000,0.000,0.000,1.000)",low,visible compound STEP geometry
input_box_3_demo_tube_01_purple75,yes,visible,1.000,"rgba(0.000,0.000,0.000,1.000)",low,visible compound STEP geometry
input_box_3_demo_tube_01_purple75,yes,visible,1.000,"rgba(0.000,0.000,0.000,1.000)",low,visible compound STEP geometry
input_box_3_demo_tube_02_yellow100,yes,visible,0.550,"rgba(0.780,0.840,0.880,0.550)",low,visible compound STEP geometry
input_box_3_demo_tube_02_yellow100,yes,visible,1.000,"rgba(1.000,0.820,0.050,1.000)",low,visible compound STEP geometry
input_box_3_demo_tube_02_yellow100,yes,visible,1.000,"rgba(1.000,1.000,1.000,1.000)",low,visible compound STEP geometry
input_box_3_demo_tube_02_yellow100,yes,visible,1.000,"rgba(0.000,0.000,0.000,1.000)",low,visible compound STEP geometry
input_box_3_demo_tube_02_yellow100,yes,visible,1.000,"rgba(0.000,0.000,0.000,1.000)",low,visible compound STEP geometry
input_box_3_demo_tube_02_yellow100,yes,visible,1.000,"rgba(0.000,0.000,0.000,1.000)",low,visible compound STEP geometry
input_box_3_demo_tube_02_yellow100,yes,visible,1.000,"rgba(0.000,0.000,0.000,1.000)",low,visible compound STEP geometry
input_box_3_demo_tube_02_yellow100,yes,visible,1.000,"rgba(0.000,0.000,0.000,1.000)",low,visible compound STEP geometry
input_box_3_demo_tube_02_yellow100,yes,visible,1.000,"rgba(0.000,0.000,0.000,1.000)",low,visible compound STEP geometry
input_box_3_demo_tube_02_yellow100,yes,visible,1.000,"rgba(0.000,0.000,0.000,1.000)",low,visible compound STEP geometry
input_box_3_demo_tube_03_blue75,yes,visible,0.550,"rgba(0.780,0.840,0.880,0.550)",low,visible compound STEP geometry
input_box_3_demo_tube_03_blue75,yes,visible,1.000,"rgba(0.080,0.340,0.950,1.000)",low,visible compound STEP geometry
input_box_3_demo_tube_03_blue75,yes,visible,1.000,"rgba(1.000,1.000,1.000,1.000)",low,visible compound STEP geometry
input_box_3_demo_tube_03_blue75,yes,visible,1.000,"rgba(0.000,0.000,0.000,1.000)",low,visible compound STEP geometry
input_box_3_demo_tube_03_blue75,yes,visible,1.000,"rgba(0.000,0.000,0.000,1.000)",low,visible compound STEP geometry
input_box_3_demo_tube_03_blue75,yes,visible,1.000,"rgba(0.000,0.000,0.000,1.000)",low,visible compound STEP geometry
input_box_3_demo_tube_03_blue75,yes,visible,1.000,"rgba(0.000,0.000,0.000,1.000)",low,visible compound STEP geometry
input_box_3_demo_tube_03_blue75,yes,visible,1.000,"rgba(0.000,0.000,0.000,1.000)",low,visible compound STEP geometry
input_box_3_demo_tube_03_blue75,yes,visible,1.000,"rgba(0.000,0.000,0.000,1.000)",low,visible compound STEP geometry
input_box_3_demo_tube_03_blue75,yes,visible,1.000,"rgba(0.000,0.000,0.000,1.000)",low,visible compound STEP geometry
input_box_3_demo_tube_04_red75,yes,visible,0.550,"rgba(0.780,0.840,0.880,0.550)",low,visible compound STEP geometry
input_box_3_demo_tube_04_red75,yes,visible,1.000,"rgba(0.860,0.050,0.050,1.000)",low,visible compound STEP geometry
input_box_3_demo_tube_04_red75,yes,visible,1.000,"rgba(1.000,1.000,1.000,1.000)",low,visible compound STEP geometry
input_box_3_demo_tube_04_red75,yes,visible,1.000,"rgba(0.000,0.000,0.000,1.000)",low,visible compound STEP geometry
input_box_3_demo_tube_04_red75,yes,visible,1.000,"rgba(0.000,0.000,0.000,1.000)",low,visible compound STEP geometry
input_box_3_demo_tube_04_red75,yes,visible,1.000,"rgba(0.000,0.000,0.000,1.000)",low,visible compound STEP geometry
input_box_3_demo_tube_04_red75,yes,visible,1.000,"rgba(0.000,0.000,0.000,1.000)",low,visible compound STEP geometry
input_box_3_demo_tube_04_red75,yes,visible,1.000,"rgba(0.000,0.000,0.000,1.000)",low,visible compound STEP geometry
input_box_3_demo_tube_04_red75,yes,visible,1.000,"rgba(0.000,0.000,0.000,1.000)",low,visible compound STEP geometry
input_box_3_demo_tube_04_red75,yes,visible,1.000,"rgba(0.000,0.000,0.000,1.000)",low,visible compound STEP geometry
input_box_3_demo_tube_05_purple75,yes,visible,0.550,"rgba(0.780,0.840,0.880,0.550)",low,visible compound STEP geometry
input_box_3_demo_tube_05_purple75,yes,visible,1.000,"rgba(0.450,0.160,0.750,1.000)",low,visible compound STEP geometry
input_box_3_demo_tube_05_purple75,yes,visible,1.000,"rgba(1.000,1.000,1.000,1.000)",low,visible compound STEP geometry
input_box_3_demo_tube_05_purple75,yes,visible,1.000,"rgba(0.000,0.000,0.000,1.000)",low,visible compound STEP geometry
input_box_3_demo_tube_05_purple75,yes,visible,1.000,"rgba(0.000,0.000,0.000,1.000)",low,visible compound STEP geometry
input_box_3_demo_tube_05_purple75,yes,visible,1.000,"rgba(0.000,0.000,0.000,1.000)",low,visible compound STEP geometry
input_box_3_demo_tube_05_purple75,yes,visible,1.000,"rgba(0.000,0.000,0.000,1.000)",low,visible compound STEP geometry
input_box_3_demo_tube_05_purple75,yes,visible,1.000,"rgba(0.000,0.000,0.000,1.000)",low,visible compound STEP geometry
input_box_3_demo_tube_05_purple75,yes,visible,1.000,"rgba(0.000,0.000,0.000,1.000)",low,visible compound STEP geometry
input_box_3_demo_tube_05_purple75,yes,visible,1.000,"rgba(0.000,0.000,0.000,1.000)",low,visible compound STEP geometry
input_box_4_demo_tube_01_purple75,yes,visible,0.550,"rgba(0.780,0.840,0.880,0.550)",low,visible compound STEP geometry
input_box_4_demo_tube_01_purple75,yes,visible,1.000,"rgba(0.450,0.160,0.750,1.000)",low,visible compound STEP geometry
input_box_4_demo_tube_01_purple75,yes,visible,1.000,"rgba(1.000,1.000,1.000,1.000)",low,visible compound STEP geometry
input_box_4_demo_tube_01_purple75,yes,visible,1.000,"rgba(0.000,0.000,0.000,1.000)",low,visible compound STEP geometry
input_box_4_demo_tube_01_purple75,yes,visible,1.000,"rgba(0.000,0.000,0.000,1.000)",low,visible compound STEP geometry
input_box_4_demo_tube_01_purple75,yes,visible,1.000,"rgba(0.000,0.000,0.000,1.000)",low,visible compound STEP geometry
input_box_4_demo_tube_01_purple75,yes,visible,1.000,"rgba(0.000,0.000,0.000,1.000)",low,visible compound STEP geometry
input_box_4_demo_tube_01_purple75,yes,visible,1.000,"rgba(0.000,0.000,0.000,1.000)",low,visible compound STEP geometry
input_box_4_demo_tube_01_purple75,yes,visible,1.000,"rgba(0.000,0.000,0.000,1.000)",low,visible compound STEP geometry
input_box_4_demo_tube_01_purple75,yes,visible,1.000,"rgba(0.000,0.000,0.000,1.000)",low,visible compound STEP geometry
input_box_4_demo_tube_02_yellow100,yes,visible,0.550,"rgba(0.780,0.840,0.880,0.550)",low,visible compound STEP geometry
input_box_4_demo_tube_02_yellow100,yes,visible,1.000,"rgba(1.000,0.820,0.050,1.000)",low,visible compound STEP geometry
input_box_4_demo_tube_02_yellow100,yes,visible,1.000,"rgba(1.000,1.000,1.000,1.000)",low,visible compound STEP geometry
input_box_4_demo_tube_02_yellow100,yes,visible,1.000,"rgba(0.000,0.000,0.000,1.000)",low,visible compound STEP geometry
input_box_4_demo_tube_02_yellow100,yes,visible,1.000,"rgba(0.000,0.000,0.000,1.000)",low,visible compound STEP geometry
input_box_4_demo_tube_02_yellow100,yes,visible,1.000,"rgba(0.000,0.000,0.000,1.000)",low,visible compound STEP geometry
input_box_4_demo_tube_02_yellow100,yes,visible,1.000,"rgba(0.000,0.000,0.000,1.000)",low,visible compound STEP geometry
input_box_4_demo_tube_02_yellow100,yes,visible,1.000,"rgba(0.000,0.000,0.000,1.000)",low,visible compound STEP geometry
input_box_4_demo_tube_02_yellow100,yes,visible,1.000,"rgba(0.000,0.000,0.000,1.000)",low,visible compound STEP geometry
input_box_4_demo_tube_02_yellow100,yes,visible,1.000,"rgba(0.000,0.000,0.000,1.000)",low,visible compound STEP geometry
input_box_4_demo_tube_03_blue75,yes,visible,0.550,"rgba(0.780,0.840,0.880,0.550)",low,visible compound STEP geometry
input_box_4_demo_tube_03_blue75,yes,visible,1.000,"rgba(0.080,0.340,0.950,1.000)",low,visible compound STEP geometry
input_box_4_demo_tube_03_blue75,yes,visible,1.000,"rgba(1.000,1.000,1.000,1.000)",low,visible compound STEP geometry
input_box_4_demo_tube_03_blue75,yes,visible,1.000,"rgba(0.000,0.000,0.000,1.000)",low,visible compound STEP geometry
input_box_4_demo_tube_03_blue75,yes,visible,1.000,"rgba(0.000,0.000,0.000,1.000)",low,visible compound STEP geometry
input_box_4_demo_tube_03_blue75,yes,visible,1.000,"rgba(0.000,0.000,0.000,1.000)",low,visible compound STEP geometry
input_box_4_demo_tube_03_blue75,yes,visible,1.000,"rgba(0.000,0.000,0.000,1.000)",low,visible compound STEP geometry
input_box_4_demo_tube_03_blue75,yes,visible,1.000,"rgba(0.000,0.000,0.000,1.000)",low,visible compound STEP geometry
input_box_4_demo_tube_03_blue75,yes,visible,1.000,"rgba(0.000,0.000,0.000,1.000)",low,visible compound STEP geometry
input_box_4_demo_tube_03_blue75,yes,visible,1.000,"rgba(0.000,0.000,0.000,1.000)",low,visible compound STEP geometry
input_box_4_demo_tube_04_red75,yes,visible,0.550,"rgba(0.780,0.840,0.880,0.550)",low,visible compound STEP geometry
input_box_4_demo_tube_04_red75,yes,visible,1.000,"rgba(0.860,0.050,0.050,1.000)",low,visible compound STEP geometry
input_box_4_demo_tube_04_red75,yes,visible,1.000,"rgba(1.000,1.000,1.000,1.000)",low,visible compound STEP geometry
input_box_4_demo_tube_04_red75,yes,visible,1.000,"rgba(0.000,0.000,0.000,1.000)",low,visible compound STEP geometry
input_box_4_demo_tube_04_red75,yes,visible,1.000,"rgba(0.000,0.000,0.000,1.000)",low,visible compound STEP geometry
input_box_4_demo_tube_04_red75,yes,visible,1.000,"rgba(0.000,0.000,0.000,1.000)",low,visible compound STEP geometry
input_box_4_demo_tube_04_red75,yes,visible,1.000,"rgba(0.000,0.000,0.000,1.000)",low,visible compound STEP geometry
input_box_4_demo_tube_04_red75,yes,visible,1.000,"rgba(0.000,0.000,0.000,1.000)",low,visible compound STEP geometry
input_box_4_demo_tube_04_red75,yes,visible,1.000,"rgba(0.000,0.000,0.000,1.000)",low,visible compound STEP geometry
input_box_4_demo_tube_04_red75,yes,visible,1.000,"rgba(0.000,0.000,0.000,1.000)",low,visible compound STEP geometry
input_box_4_demo_tube_05_purple75,yes,visible,0.550,"rgba(0.780,0.840,0.880,0.550)",low,visible compound STEP geometry
input_box_4_demo_tube_05_purple75,yes,visible,1.000,"rgba(0.450,0.160,0.750,1.000)",low,visible compound STEP geometry
input_box_4_demo_tube_05_purple75,yes,visible,1.000,"rgba(1.000,1.000,1.000,1.000)",low,visible compound STEP geometry
input_box_4_demo_tube_05_purple75,yes,visible,1.000,"rgba(0.000,0.000,0.000,1.000)",low,visible compound STEP geometry
input_box_4_demo_tube_05_purple75,yes,visible,1.000,"rgba(0.000,0.000,0.000,1.000)",low,visible compound STEP geometry
input_box_4_demo_tube_05_purple75,yes,visible,1.000,"rgba(0.000,0.000,0.000,1.000)",low,visible compound STEP geometry
input_box_4_demo_tube_05_purple75,yes,visible,1.000,"rgba(0.000,0.000,0.000,1.000)",low,visible compound STEP geometry
input_box_4_demo_tube_05_purple75,yes,visible,1.000,"rgba(0.000,0.000,0.000,1.000)",low,visible compound STEP geometry
input_box_4_demo_tube_05_purple75,yes,visible,1.000,"rgba(0.000,0.000,0.000,1.000)",low,visible compound STEP geometry
input_box_4_demo_tube_05_purple75,yes,visible,1.000,"rgba(0.000,0.000,0.000,1.000)",low,visible compound STEP geometry
scan_station_demo_tube_yellow100,yes,visible,0.550,"rgba(0.780,0.840,0.880,0.550)",low,visible compound STEP geometry
scan_station_demo_tube_yellow100,yes,visible,1.000,"rgba(1.000,0.820,0.050,1.000)",low,visible compound STEP geometry
scan_station_demo_tube_yellow100,yes,visible,1.000,"rgba(1.000,1.000,1.000,1.000)",low,visible compound STEP geometry
scan_station_demo_tube_yellow100,yes,visible,1.000,"rgba(0.000,0.000,0.000,1.000)",low,visible compound STEP geometry
scan_station_demo_tube_yellow100,yes,visible,1.000,"rgba(0.000,0.000,0.000,1.000)",low,visible compound STEP geometry
scan_station_demo_tube_yellow100,yes,visible,1.000,"rgba(0.000,0.000,0.000,1.000)",low,visible compound STEP geometry
scan_station_demo_tube_yellow100,yes,visible,1.000,"rgba(0.000,0.000,0.000,1.000)",low,visible compound STEP geometry
scan_station_demo_tube_yellow100,yes,visible,1.000,"rgba(0.000,0.000,0.000,1.000)",low,visible compound STEP geometry
scan_station_demo_tube_yellow100,yes,visible,1.000,"rgba(0.000,0.000,0.000,1.000)",low,visible compound STEP geometry
scan_station_demo_tube_yellow100,yes,visible,1.000,"rgba(0.000,0.000,0.000,1.000)",low,visible compound STEP geometry
category_A_classified_tube_01_purple75,yes,visible,0.550,"rgba(0.780,0.840,0.880,0.550)",low,visible compound STEP geometry
category_A_classified_tube_01_purple75,yes,visible,1.000,"rgba(0.450,0.160,0.750,1.000)",low,visible compound STEP geometry
category_A_classified_tube_01_purple75,yes,visible,1.000,"rgba(1.000,1.000,1.000,1.000)",low,visible compound STEP geometry
category_A_classified_tube_01_purple75,yes,visible,1.000,"rgba(0.000,0.000,0.000,1.000)",low,visible compound STEP geometry
category_A_classified_tube_01_purple75,yes,visible,1.000,"rgba(0.000,0.000,0.000,1.000)",low,visible compound STEP geometry
category_A_classified_tube_01_purple75,yes,visible,1.000,"rgba(0.000,0.000,0.000,1.000)",low,visible compound STEP geometry
category_A_classified_tube_01_purple75,yes,visible,1.000,"rgba(0.000,0.000,0.000,1.000)",low,visible compound STEP geometry
category_A_classified_tube_01_purple75,yes,visible,1.000,"rgba(0.000,0.000,0.000,1.000)",low,visible compound STEP geometry
category_A_classified_tube_01_purple75,yes,visible,1.000,"rgba(0.000,0.000,0.000,1.000)",low,visible compound STEP geometry
category_A_classified_tube_01_purple75,yes,visible,1.000,"rgba(0.000,0.000,0.000,1.000)",low,visible compound STEP geometry
category_A_classified_tube_02_purple75,yes,visible,0.550,"rgba(0.780,0.840,0.880,0.550)",low,visible compound STEP geometry
category_A_classified_tube_02_purple75,yes,visible,1.000,"rgba(0.450,0.160,0.750,1.000)",low,visible compound STEP geometry
category_A_classified_tube_02_purple75,yes,visible,1.000,"rgba(1.000,1.000,1.000,1.000)",low,visible compound STEP geometry
category_A_classified_tube_02_purple75,yes,visible,1.000,"rgba(0.000,0.000,0.000,1.000)",low,visible compound STEP geometry
category_A_classified_tube_02_purple75,yes,visible,1.000,"rgba(0.000,0.000,0.000,1.000)",low,visible compound STEP geometry
category_A_classified_tube_02_purple75,yes,visible,1.000,"rgba(0.000,0.000,0.000,1.000)",low,visible compound STEP geometry
category_A_classified_tube_02_purple75,yes,visible,1.000,"rgba(0.000,0.000,0.000,1.000)",low,visible compound STEP geometry
category_A_classified_tube_02_purple75,yes,visible,1.000,"rgba(0.000,0.000,0.000,1.000)",low,visible compound STEP geometry
category_A_classified_tube_02_purple75,yes,visible,1.000,"rgba(0.000,0.000,0.000,1.000)",low,visible compound STEP geometry
category_A_classified_tube_02_purple75,yes,visible,1.000,"rgba(0.000,0.000,0.000,1.000)",low,visible compound STEP geometry
category_A_classified_tube_03_purple75,yes,visible,0.550,"rgba(0.780,0.840,0.880,0.550)",low,visible compound STEP geometry
category_A_classified_tube_03_purple75,yes,visible,1.000,"rgba(0.450,0.160,0.750,1.000)",low,visible compound STEP geometry
category_A_classified_tube_03_purple75,yes,visible,1.000,"rgba(1.000,1.000,1.000,1.000)",low,visible compound STEP geometry
category_A_classified_tube_03_purple75,yes,visible,1.000,"rgba(0.000,0.000,0.000,1.000)",low,visible compound STEP geometry
category_A_classified_tube_03_purple75,yes,visible,1.000,"rgba(0.000,0.000,0.000,1.000)",low,visible compound STEP geometry
category_A_classified_tube_03_purple75,yes,visible,1.000,"rgba(0.000,0.000,0.000,1.000)",low,visible compound STEP geometry
category_A_classified_tube_03_purple75,yes,visible,1.000,"rgba(0.000,0.000,0.000,1.000)",low,visible compound STEP geometry
category_A_classified_tube_03_purple75,yes,visible,1.000,"rgba(0.000,0.000,0.000,1.000)",low,visible compound STEP geometry
category_A_classified_tube_03_purple75,yes,visible,1.000,"rgba(0.000,0.000,0.000,1.000)",low,visible compound STEP geometry
category_A_classified_tube_03_purple75,yes,visible,1.000,"rgba(0.000,0.000,0.000,1.000)",low,visible compound STEP geometry
category_B_classified_tube_01_yellow100,yes,visible,0.550,"rgba(0.780,0.840,0.880,0.550)",low,visible compound STEP geometry
category_B_classified_tube_01_yellow100,yes,visible,1.000,"rgba(1.000,0.820,0.050,1.000)",low,visible compound STEP geometry
category_B_classified_tube_01_yellow100,yes,visible,1.000,"rgba(1.000,1.000,1.000,1.000)",low,visible compound STEP geometry
category_B_classified_tube_01_yellow100,yes,visible,1.000,"rgba(0.000,0.000,0.000,1.000)",low,visible compound STEP geometry
category_B_classified_tube_01_yellow100,yes,visible,1.000,"rgba(0.000,0.000,0.000,1.000)",low,visible compound STEP geometry
category_B_classified_tube_01_yellow100,yes,visible,1.000,"rgba(0.000,0.000,0.000,1.000)",low,visible compound STEP geometry
category_B_classified_tube_01_yellow100,yes,visible,1.000,"rgba(0.000,0.000,0.000,1.000)",low,visible compound STEP geometry
category_B_classified_tube_01_yellow100,yes,visible,1.000,"rgba(0.000,0.000,0.000,1.000)",low,visible compound STEP geometry
category_B_classified_tube_01_yellow100,yes,visible,1.000,"rgba(0.000,0.000,0.000,1.000)",low,visible compound STEP geometry
category_B_classified_tube_01_yellow100,yes,visible,1.000,"rgba(0.000,0.000,0.000,1.000)",low,visible compound STEP geometry
category_B_classified_tube_02_yellow100,yes,visible,0.550,"rgba(0.780,0.840,0.880,0.550)",low,visible compound STEP geometry
category_B_classified_tube_02_yellow100,yes,visible,1.000,"rgba(1.000,0.820,0.050,1.000)",low,visible compound STEP geometry
category_B_classified_tube_02_yellow100,yes,visible,1.000,"rgba(1.000,1.000,1.000,1.000)",low,visible compound STEP geometry
category_B_classified_tube_02_yellow100,yes,visible,1.000,"rgba(0.000,0.000,0.000,1.000)",low,visible compound STEP geometry
category_B_classified_tube_02_yellow100,yes,visible,1.000,"rgba(0.000,0.000,0.000,1.000)",low,visible compound STEP geometry
category_B_classified_tube_02_yellow100,yes,visible,1.000,"rgba(0.000,0.000,0.000,1.000)",low,visible compound STEP geometry
category_B_classified_tube_02_yellow100,yes,visible,1.000,"rgba(0.000,0.000,0.000,1.000)",low,visible compound STEP geometry
category_B_classified_tube_02_yellow100,yes,visible,1.000,"rgba(0.000,0.000,0.000,1.000)",low,visible compound STEP geometry
category_B_classified_tube_02_yellow100,yes,visible,1.000,"rgba(0.000,0.000,0.000,1.000)",low,visible compound STEP geometry
category_B_classified_tube_02_yellow100,yes,visible,1.000,"rgba(0.000,0.000,0.000,1.000)",low,visible compound STEP geometry
category_B_classified_tube_03_yellow100,yes,visible,0.550,"rgba(0.780,0.840,0.880,0.550)",low,visible compound STEP geometry
category_B_classified_tube_03_yellow100,yes,visible,1.000,"rgba(1.000,0.820,0.050,1.000)",low,visible compound STEP geometry
category_B_classified_tube_03_yellow100,yes,visible,1.000,"rgba(1.000,1.000,1.000,1.000)",low,visible compound STEP geometry
category_B_classified_tube_03_yellow100,yes,visible,1.000,"rgba(0.000,0.000,0.000,1.000)",low,visible compound STEP geometry
category_B_classified_tube_03_yellow100,yes,visible,1.000,"rgba(0.000,0.000,0.000,1.000)",low,visible compound STEP geometry
category_B_classified_tube_03_yellow100,yes,visible,1.000,"rgba(0.000,0.000,0.000,1.000)",low,visible compound STEP geometry
category_B_classified_tube_03_yellow100,yes,visible,1.000,"rgba(0.000,0.000,0.000,1.000)",low,visible compound STEP geometry
category_B_classified_tube_03_yellow100,yes,visible,1.000,"rgba(0.000,0.000,0.000,1.000)",low,visible compound STEP geometry
category_B_classified_tube_03_yellow100,yes,visible,1.000,"rgba(0.000,0.000,0.000,1.000)",low,visible compound STEP geometry
category_B_classified_tube_03_yellow100,yes,visible,1.000,"rgba(0.000,0.000,0.000,1.000)",low,visible compound STEP geometry
category_C_classified_tube_01_blue75,yes,visible,0.550,"rgba(0.780,0.840,0.880,0.550)",low,visible compound STEP geometry
category_C_classified_tube_01_blue75,yes,visible,1.000,"rgba(0.080,0.340,0.950,1.000)",low,visible compound STEP geometry
category_C_classified_tube_01_blue75,yes,visible,1.000,"rgba(1.000,1.000,1.000,1.000)",low,visible compound STEP geometry
category_C_classified_tube_01_blue75,yes,visible,1.000,"rgba(0.000,0.000,0.000,1.000)",low,visible compound STEP geometry
category_C_classified_tube_01_blue75,yes,visible,1.000,"rgba(0.000,0.000,0.000,1.000)",low,visible compound STEP geometry
category_C_classified_tube_01_blue75,yes,visible,1.000,"rgba(0.000,0.000,0.000,1.000)",low,visible compound STEP geometry
category_C_classified_tube_01_blue75,yes,visible,1.000,"rgba(0.000,0.000,0.000,1.000)",low,visible compound STEP geometry
category_C_classified_tube_01_blue75,yes,visible,1.000,"rgba(0.000,0.000,0.000,1.000)",low,visible compound STEP geometry
category_C_classified_tube_01_blue75,yes,visible,1.000,"rgba(0.000,0.000,0.000,1.000)",low,visible compound STEP geometry
category_C_classified_tube_01_blue75,yes,visible,1.000,"rgba(0.000,0.000,0.000,1.000)",low,visible compound STEP geometry
category_C_classified_tube_02_blue75,yes,visible,0.550,"rgba(0.780,0.840,0.880,0.550)",low,visible compound STEP geometry
category_C_classified_tube_02_blue75,yes,visible,1.000,"rgba(0.080,0.340,0.950,1.000)",low,visible compound STEP geometry
category_C_classified_tube_02_blue75,yes,visible,1.000,"rgba(1.000,1.000,1.000,1.000)",low,visible compound STEP geometry
category_C_classified_tube_02_blue75,yes,visible,1.000,"rgba(0.000,0.000,0.000,1.000)",low,visible compound STEP geometry
category_C_classified_tube_02_blue75,yes,visible,1.000,"rgba(0.000,0.000,0.000,1.000)",low,visible compound STEP geometry
category_C_classified_tube_02_blue75,yes,visible,1.000,"rgba(0.000,0.000,0.000,1.000)",low,visible compound STEP geometry
category_C_classified_tube_02_blue75,yes,visible,1.000,"rgba(0.000,0.000,0.000,1.000)",low,visible compound STEP geometry
category_C_classified_tube_02_blue75,yes,visible,1.000,"rgba(0.000,0.000,0.000,1.000)",low,visible compound STEP geometry
category_C_classified_tube_02_blue75,yes,visible,1.000,"rgba(0.000,0.000,0.000,1.000)",low,visible compound STEP geometry
category_C_classified_tube_02_blue75,yes,visible,1.000,"rgba(0.000,0.000,0.000,1.000)",low,visible compound STEP geometry
category_C_classified_tube_03_blue75,yes,visible,0.550,"rgba(0.780,0.840,0.880,0.550)",low,visible compound STEP geometry
category_C_classified_tube_03_blue75,yes,visible,1.000,"rgba(0.080,0.340,0.950,1.000)",low,visible compound STEP geometry
category_C_classified_tube_03_blue75,yes,visible,1.000,"rgba(1.000,1.000,1.000,1.000)",low,visible compound STEP geometry
category_C_classified_tube_03_blue75,yes,visible,1.000,"rgba(0.000,0.000,0.000,1.000)",low,visible compound STEP geometry
category_C_classified_tube_03_blue75,yes,visible,1.000,"rgba(0.000,0.000,0.000,1.000)",low,visible compound STEP geometry
category_C_classified_tube_03_blue75,yes,visible,1.000,"rgba(0.000,0.000,0.000,1.000)",low,visible compound STEP geometry
category_C_classified_tube_03_blue75,yes,visible,1.000,"rgba(0.000,0.000,0.000,1.000)",low,visible compound STEP geometry
category_C_classified_tube_03_blue75,yes,visible,1.000,"rgba(0.000,0.000,0.000,1.000)",low,visible compound STEP geometry
category_C_classified_tube_03_blue75,yes,visible,1.000,"rgba(0.000,0.000,0.000,1.000)",low,visible compound STEP geometry
category_C_classified_tube_03_blue75,yes,visible,1.000,"rgba(0.000,0.000,0.000,1.000)",low,visible compound STEP geometry
category_D_classified_tube_01_red75,yes,visible,0.550,"rgba(0.780,0.840,0.880,0.550)",low,visible compound STEP geometry
category_D_classified_tube_01_red75,yes,visible,1.000,"rgba(0.860,0.050,0.050,1.000)",low,visible compound STEP geometry
category_D_classified_tube_01_red75,yes,visible,1.000,"rgba(1.000,1.000,1.000,1.000)",low,visible compound STEP geometry
category_D_classified_tube_01_red75,yes,visible,1.000,"rgba(0.000,0.000,0.000,1.000)",low,visible compound STEP geometry
category_D_classified_tube_01_red75,yes,visible,1.000,"rgba(0.000,0.000,0.000,1.000)",low,visible compound STEP geometry
category_D_classified_tube_01_red75,yes,visible,1.000,"rgba(0.000,0.000,0.000,1.000)",low,visible compound STEP geometry
category_D_classified_tube_01_red75,yes,visible,1.000,"rgba(0.000,0.000,0.000,1.000)",low,visible compound STEP geometry
category_D_classified_tube_01_red75,yes,visible,1.000,"rgba(0.000,0.000,0.000,1.000)",low,visible compound STEP geometry
category_D_classified_tube_01_red75,yes,visible,1.000,"rgba(0.000,0.000,0.000,1.000)",low,visible compound STEP geometry
category_D_classified_tube_01_red75,yes,visible,1.000,"rgba(0.000,0.000,0.000,1.000)",low,visible compound STEP geometry
category_D_classified_tube_02_red75,yes,visible,0.550,"rgba(0.780,0.840,0.880,0.550)",low,visible compound STEP geometry
category_D_classified_tube_02_red75,yes,visible,1.000,"rgba(0.860,0.050,0.050,1.000)",low,visible compound STEP geometry
category_D_classified_tube_02_red75,yes,visible,1.000,"rgba(1.000,1.000,1.000,1.000)",low,visible compound STEP geometry
category_D_classified_tube_02_red75,yes,visible,1.000,"rgba(0.000,0.000,0.000,1.000)",low,visible compound STEP geometry
category_D_classified_tube_02_red75,yes,visible,1.000,"rgba(0.000,0.000,0.000,1.000)",low,visible compound STEP geometry
category_D_classified_tube_02_red75,yes,visible,1.000,"rgba(0.000,0.000,0.000,1.000)",low,visible compound STEP geometry
category_D_classified_tube_02_red75,yes,visible,1.000,"rgba(0.000,0.000,0.000,1.000)",low,visible compound STEP geometry
category_D_classified_tube_02_red75,yes,visible,1.000,"rgba(0.000,0.000,0.000,1.000)",low,visible compound STEP geometry
category_D_classified_tube_02_red75,yes,visible,1.000,"rgba(0.000,0.000,0.000,1.000)",low,visible compound STEP geometry
category_D_classified_tube_02_red75,yes,visible,1.000,"rgba(0.000,0.000,0.000,1.000)",low,visible compound STEP geometry
category_D_classified_tube_03_red75,yes,visible,0.550,"rgba(0.780,0.840,0.880,0.550)",low,visible compound STEP geometry
category_D_classified_tube_03_red75,yes,visible,1.000,"rgba(0.860,0.050,0.050,1.000)",low,visible compound STEP geometry
category_D_classified_tube_03_red75,yes,visible,1.000,"rgba(1.000,1.000,1.000,1.000)",low,visible compound STEP geometry
category_D_classified_tube_03_red75,yes,visible,1.000,"rgba(0.000,0.000,0.000,1.000)",low,visible compound STEP geometry
category_D_classified_tube_03_red75,yes,visible,1.000,"rgba(0.000,0.000,0.000,1.000)",low,visible compound STEP geometry
category_D_classified_tube_03_red75,yes,visible,1.000,"rgba(0.000,0.000,0.000,1.000)",low,visible compound STEP geometry
category_D_classified_tube_03_red75,yes,visible,1.000,"rgba(0.000,0.000,0.000,1.000)",low,visible compound STEP geometry
category_D_classified_tube_03_red75,yes,visible,1.000,"rgba(0.000,0.000,0.000,1.000)",low,visible compound STEP geometry
category_D_classified_tube_03_red75,yes,visible,1.000,"rgba(0.000,0.000,0.000,1.000)",low,visible compound STEP geometry
category_D_classified_tube_03_red75,yes,visible,1.000,"rgba(0.000,0.000,0.000,1.000)",low,visible compound STEP geometry
enclosure_bottom_rear_rail,yes,visible,1.000,"rgba(0.360,0.380,0.390,1.000)",low,visible compound STEP geometry
enclosure_bottom_left_rail,yes,visible,1.000,"rgba(0.360,0.380,0.390,1.000)",low,visible compound STEP geometry
enclosure_bottom_right_rail,yes,visible,1.000,"rgba(0.360,0.380,0.390,1.000)",low,visible compound STEP geometry
enclosure_bottom_front_left_stub,yes,visible,1.000,"rgba(0.360,0.380,0.390,1.000)",low,visible compound STEP geometry
enclosure_bottom_front_center_stub,yes,visible,1.000,"rgba(0.360,0.380,0.390,1.000)",low,visible compound STEP geometry
enclosure_bottom_front_right_stub,yes,visible,1.000,"rgba(0.360,0.380,0.390,1.000)",low,visible compound STEP geometry
enclosure_corner_post_front_left,yes,visible,1.000,"rgba(0.360,0.380,0.390,1.000)",low,visible compound STEP geometry
enclosure_corner_post_front_right,yes,visible,1.000,"rgba(0.360,0.380,0.390,1.000)",low,visible compound STEP geometry
enclosure_corner_post_rear_left,yes,visible,1.000,"rgba(0.360,0.380,0.390,1.000)",low,visible compound STEP geometry
enclosure_corner_post_rear_right,yes,visible,1.000,"rgba(0.360,0.380,0.390,1.000)",low,visible compound STEP geometry
enclosure_top_rear_crossbeam,yes,visible,1.000,"rgba(0.360,0.380,0.390,1.000)",low,visible compound STEP geometry
enclosure_top_left_crossbeam,yes,visible,1.000,"rgba(0.360,0.380,0.390,1.000)",low,visible compound STEP geometry
enclosure_top_right_crossbeam,yes,visible,1.000,"rgba(0.360,0.380,0.390,1.000)",low,visible compound STEP geometry
enclosure_front_upper_left_beam,yes,visible,1.000,"rgba(0.360,0.380,0.390,1.000)",low,visible compound STEP geometry
enclosure_front_upper_center_beam,yes,visible,1.000,"rgba(0.360,0.380,0.390,1.000)",low,visible compound STEP geometry
enclosure_front_upper_right_beam,yes,visible,1.000,"rgba(0.360,0.380,0.390,1.000)",low,visible compound STEP geometry
enclosure_rear_transparent_panel,yes,visible,0.350,"rgba(0.780,0.930,1.000,0.350)",low,intentionally transparent guard panel
enclosure_left_transparent_panel,yes,visible,0.350,"rgba(0.780,0.930,1.000,0.350)",low,intentionally transparent guard panel
enclosure_right_transparent_panel,yes,visible,0.350,"rgba(0.780,0.930,1.000,0.350)",low,intentionally transparent guard panel
enclosure_front_left_low_panel,yes,visible,0.350,"rgba(0.780,0.930,1.000,0.350)",low,intentionally transparent guard panel
enclosure_front_center_low_panel,yes,visible,0.350,"rgba(0.780,0.930,1.000,0.350)",low,intentionally transparent guard panel
enclosure_front_right_low_panel,yes,visible,0.350,"rgba(0.780,0.930,1.000,0.350)",low,intentionally transparent guard panel
enclosure_input_box_replace_opening_left_jamb,yes,visible,1.000,"rgba(0.280,0.320,0.340,1.000)",low,visible compound STEP geometry
enclosure_input_box_replace_opening_right_jamb,yes,visible,1.000,"rgba(0.280,0.320,0.340,1.000)",low,visible compound STEP geometry
enclosure_input_box_replace_opening_top_rail,yes,visible,1.000,"rgba(0.280,0.320,0.340,1.000)",low,visible compound STEP geometry
enclosure_input_box_replace_opening_bottom_sill,yes,visible,1.000,"rgba(0.280,0.320,0.340,1.000)",low,visible compound STEP geometry
enclosure_output_box_replace_opening_left_jamb,yes,visible,1.000,"rgba(0.280,0.320,0.340,1.000)",low,visible compound STEP geometry
enclosure_output_box_replace_opening_right_jamb,yes,visible,1.000,"rgba(0.280,0.320,0.340,1.000)",low,visible compound STEP geometry
enclosure_output_box_replace_opening_top_rail,yes,visible,1.000,"rgba(0.280,0.320,0.340,1.000)",low,visible compound STEP geometry
enclosure_output_box_replace_opening_bottom_sill,yes,visible,1.000,"rgba(0.280,0.320,0.340,1.000)",low,visible compound STEP geometry
enclosure_input_door_simple_pull_handle,yes,visible,1.000,"rgba(0.080,0.080,0.080,1.000)",low,visible compound STEP geometry
enclosure_output_door_simple_pull_handle,yes,visible,1.000,"rgba(0.080,0.080,0.080,1.000)",low,visible compound STEP geometry
enclosure_manual_review_access_opening_left_jamb,yes,visible,1.000,"rgba(0.280,0.320,0.340,1.000)",low,visible compound STEP geometry
enclosure_manual_review_access_opening_right_jamb,yes,visible,1.000,"rgba(0.280,0.320,0.340,1.000)",low,visible compound STEP geometry
enclosure_manual_review_access_opening_top_rail,yes,visible,1.000,"rgba(0.280,0.320,0.340,1.000)",low,visible compound STEP geometry
enclosure_manual_review_access_opening_bottom_sill,yes,visible,1.000,"rgba(0.280,0.320,0.340,1.000)",low,visible compound STEP geometry
enclosure_manual_review_access_simple_pull_handle,yes,visible,1.000,"rgba(0.080,0.080,0.080,1.000)",low,visible compound STEP geometry
enclosure_top_open_front_rectangular_rail,yes,visible,1.000,"rgba(0.280,0.320,0.340,1.000)",low,visible compound STEP geometry
enclosure_top_open_rear_rectangular_rail,yes,visible,1.000,"rgba(0.280,0.320,0.340,1.000)",low,visible compound STEP geometry
enclosure_top_open_left_rectangular_rail,yes,visible,1.000,"rgba(0.280,0.320,0.340,1.000)",low,visible compound STEP geometry
enclosure_top_open_right_rectangular_rail,yes,visible,1.000,"rgba(0.280,0.320,0.340,1.000)",low,visible compound STEP geometry
closed_control_box_housing,yes,visible,1.000,"rgba(0.160,0.170,0.180,1.000)",low,visible compound STEP geometry
closed_control_box_housing,yes,visible,1.000,"rgba(0.100,0.110,0.120,1.000)",low,visible compound STEP geometry
closed_control_box_housing,yes,visible,1.000,"rgba(0.010,0.010,0.010,1.000)",low,visible compound STEP geometry
closed_control_box_housing,yes,visible,1.000,"rgba(0.010,0.010,0.010,1.000)",low,visible compound STEP geometry
closed_control_box_housing,yes,visible,1.000,"rgba(0.010,0.010,0.010,1.000)",low,visible compound STEP geometry
closed_control_box_housing,yes,visible,1.000,"rgba(0.010,0.010,0.010,1.000)",low,visible compound STEP geometry
closed_control_box_housing,yes,visible,1.000,"rgba(0.010,0.010,0.010,1.000)",low,visible compound STEP geometry
closed_control_box_housing,yes,visible,1.000,"rgba(0.010,0.010,0.010,1.000)",low,visible compound STEP geometry
closed_control_box_housing,yes,visible,1.000,"rgba(0.010,0.010,0.010,1.000)",low,visible compound STEP geometry
closed_control_box_housing,yes,visible,1.000,"rgba(0.010,0.010,0.010,1.000)",low,visible compound STEP geometry
closed_control_box_cable_glands,yes,visible,1.000,"rgba(0.020,0.020,0.020,1.000)",low,visible compound STEP geometry
closed_control_box_cable_glands,yes,visible,1.000,"rgba(0.020,0.020,0.020,1.000)",low,visible compound STEP geometry
closed_control_box_cable_glands,yes,visible,1.000,"rgba(0.020,0.020,0.020,1.000)",low,visible compound STEP geometry
closed_control_box_cable_glands,yes,visible,1.000,"rgba(0.020,0.020,0.020,1.000)",low,visible compound STEP geometry
closed_control_box_cable_glands,yes,visible,1.000,"rgba(0.020,0.020,0.020,1.000)",low,visible compound STEP geometry
closed_control_box_cable_glands,yes,visible,1.000,"rgba(0.020,0.020,0.020,1.000)",low,visible compound STEP geometry
closed_control_box_cable_glands,yes,visible,1.000,"rgba(0.020,0.020,0.020,1.000)",low,visible compound STEP geometry
closed_control_box_cable_glands,yes,visible,1.000,"rgba(0.020,0.020,0.020,1.000)",low,visible compound STEP geometry
closed_control_box_ventilation,yes,visible,1.000,"rgba(0.030,0.030,0.030,1.000)",low,visible compound STEP geometry
closed_control_box_ventilation,yes,visible,1.000,"rgba(0.030,0.030,0.030,1.000)",low,visible compound STEP geometry
closed_control_box_ventilation,yes,visible,1.000,"rgba(0.030,0.030,0.030,1.000)",low,visible compound STEP geometry
closed_control_box_ventilation,yes,visible,1.000,"rgba(0.030,0.030,0.030,1.000)",low,visible compound STEP geometry
closed_control_box_ventilation,yes,visible,1.000,"rgba(0.030,0.030,0.030,1.000)",low,visible compound STEP geometry
closed_control_box_ventilation,yes,visible,1.000,"rgba(0.030,0.030,0.030,1.000)",low,visible compound STEP geometry
closed_control_box_ventilation,yes,visible,1.000,"rgba(0.030,0.030,0.030,1.000)",low,visible compound STEP geometry
closed_control_box_ventilation,yes,visible,1.000,"rgba(0.030,0.030,0.030,1.000)",low,visible compound STEP geometry
closed_control_box_ventilation,yes,visible,1.000,"rgba(0.030,0.030,0.030,1.000)",low,visible compound STEP geometry
closed_control_box_ventilation,yes,visible,1.000,"rgba(0.030,0.030,0.030,1.000)",low,visible compound STEP geometry
closed_control_box_ventilation,yes,visible,1.000,"rgba(0.030,0.030,0.030,1.000)",low,visible compound STEP geometry
closed_control_box_ventilation,yes,visible,1.000,"rgba(0.030,0.030,0.030,1.000)",low,visible compound STEP geometry
closed_control_box_mounting_brackets,yes,visible,1.000,"rgba(0.340,0.360,0.370,1.000)",low,visible compound STEP geometry
closed_control_box_mounting_brackets,yes,visible,1.000,"rgba(0.340,0.360,0.370,1.000)",low,visible compound STEP geometry
closed_control_box_mounting_brackets,yes,visible,1.000,"rgba(0.340,0.360,0.370,1.000)",low,visible compound STEP geometry
closed_control_box_mounting_brackets,yes,visible,1.000,"rgba(0.340,0.360,0.370,1.000)",low,visible compound STEP geometry
closed_control_box_mounting_brackets,yes,visible,1.000,"rgba(0.340,0.360,0.370,1.000)",low,visible compound STEP geometry
closed_control_box_mounting_brackets,yes,visible,1.000,"rgba(0.340,0.360,0.370,1.000)",low,visible compound STEP geometry
closed_control_box_mounting_brackets,yes,visible,1.000,"rgba(0.340,0.360,0.370,1.000)",low,visible compound STEP geometry
closed_control_box_mounting_brackets,yes,visible,1.000,"rgba(0.340,0.360,0.370,1.000)",low,visible compound STEP geometry
y_axis_base_mounting_blocks,yes,visible,1.000,"rgba(0.460,0.480,0.490,1.000)",low,visible compound STEP geometry
y_axis_base_mounting_blocks,yes,visible,1.000,"rgba(0.020,0.020,0.020,1.000)",low,visible compound STEP geometry
y_axis_base_mounting_blocks,yes,visible,1.000,"rgba(0.020,0.020,0.020,1.000)",low,visible compound STEP geometry
y_axis_base_mounting_blocks,yes,visible,1.000,"rgba(0.020,0.020,0.020,1.000)",low,visible compound STEP geometry
y_axis_base_mounting_blocks,yes,visible,1.000,"rgba(0.020,0.020,0.020,1.000)",low,visible compound STEP geometry
y_axis_base_mounting_blocks,yes,visible,1.000,"rgba(0.460,0.480,0.490,1.000)",low,visible compound STEP geometry
y_axis_base_mounting_blocks,yes,visible,1.000,"rgba(0.020,0.020,0.020,1.000)",low,visible compound STEP geometry
y_axis_base_mounting_blocks,yes,visible,1.000,"rgba(0.020,0.020,0.020,1.000)",low,visible compound STEP geometry
y_axis_base_mounting_blocks,yes,visible,1.000,"rgba(0.020,0.020,0.020,1.000)",low,visible compound STEP geometry
y_axis_base_mounting_blocks,yes,visible,1.000,"rgba(0.020,0.020,0.020,1.000)",low,visible compound STEP geometry
y_axis_base_mounting_blocks,yes,visible,1.000,"rgba(0.460,0.480,0.490,1.000)",low,visible compound STEP geometry
y_axis_base_mounting_blocks,yes,visible,1.000,"rgba(0.020,0.020,0.020,1.000)",low,visible compound STEP geometry
y_axis_base_mounting_blocks,yes,visible,1.000,"rgba(0.020,0.020,0.020,1.000)",low,visible compound STEP geometry
y_axis_base_mounting_blocks,yes,visible,1.000,"rgba(0.020,0.020,0.020,1.000)",low,visible compound STEP geometry
y_axis_base_mounting_blocks,yes,visible,1.000,"rgba(0.020,0.020,0.020,1.000)",low,visible compound STEP geometry
y_axis_base_mounting_blocks,yes,visible,1.000,"rgba(0.460,0.480,0.490,1.000)",low,visible compound STEP geometry
y_axis_base_mounting_blocks,yes,visible,1.000,"rgba(0.020,0.020,0.020,1.000)",low,visible compound STEP geometry
y_axis_base_mounting_blocks,yes,visible,1.000,"rgba(0.020,0.020,0.020,1.000)",low,visible compound STEP geometry
y_axis_base_mounting_blocks,yes,visible,1.000,"rgba(0.020,0.020,0.020,1.000)",low,visible compound STEP geometry
y_axis_base_mounting_blocks,yes,visible,1.000,"rgba(0.020,0.020,0.020,1.000)",low,visible compound STEP geometry
xz_adapter_plate_engineered,yes,visible,1.000,"rgba(0.680,0.700,0.700,1.000)",low,visible compound STEP geometry
xz_adapter_plate_engineered,yes,visible,1.000,"rgba(0.460,0.480,0.490,1.000)",low,visible compound STEP geometry
xz_adapter_plate_engineered,yes,visible,1.000,"rgba(0.460,0.480,0.490,1.000)",low,visible compound STEP geometry
xz_adapter_plate_engineered,yes,visible,1.000,"rgba(0.460,0.480,0.490,1.000)",low,visible compound STEP geometry
xz_adapter_plate_engineered,yes,visible,1.000,"rgba(0.460,0.480,0.490,1.000)",low,visible compound STEP geometry
xz_adapter_plate_engineered,yes,visible,1.000,"rgba(0.020,0.020,0.020,1.000)",low,visible compound STEP geometry
xz_adapter_plate_engineered,yes,visible,1.000,"rgba(0.020,0.020,0.020,1.000)",low,visible compound STEP geometry
xz_adapter_plate_engineered,yes,visible,1.000,"rgba(0.020,0.020,0.020,1.000)",low,visible compound STEP geometry
xz_adapter_plate_engineered,yes,visible,1.000,"rgba(0.020,0.020,0.020,1.000)",low,visible compound STEP geometry
xz_adapter_plate_engineered,yes,visible,1.000,"rgba(0.020,0.020,0.020,1.000)",low,visible compound STEP geometry
xz_adapter_plate_engineered,yes,visible,1.000,"rgba(0.020,0.020,0.020,1.000)",low,visible compound STEP geometry
xz_adapter_plate_engineered,yes,visible,1.000,"rgba(0.020,0.020,0.020,1.000)",low,visible compound STEP geometry
xz_adapter_plate_engineered,yes,visible,1.000,"rgba(0.020,0.020,0.020,1.000)",low,visible compound STEP geometry
cable_chain_mounting_tabs,yes,visible,1.000,"rgba(0.360,0.380,0.390,1.000)",low,visible compound STEP geometry
cable_chain_mounting_tabs,yes,visible,1.000,"rgba(0.360,0.380,0.390,1.000)",low,visible compound STEP geometry
cable_chain_mounting_tabs,yes,visible,1.000,"rgba(0.360,0.380,0.390,1.000)",low,visible compound STEP geometry
cable_chain_mounting_tabs,yes,visible,1.000,"rgba(0.020,0.020,0.020,1.000)",low,visible compound STEP geometry
cable_chain_mounting_tabs,yes,visible,1.000,"rgba(0.020,0.020,0.020,1.000)",low,visible compound STEP geometry
cable_chain_mounting_tabs,yes,visible,1.000,"rgba(0.020,0.020,0.020,1.000)",low,visible compound STEP geometry
rear_fixed_cable_tray,yes,visible,1.000,"rgba(0.080,0.090,0.100,1.000)",low,visible compound STEP geometry
rear_fixed_cable_tray,yes,visible,1.000,"rgba(0.080,0.090,0.100,1.000)",low,visible compound STEP geometry
rear_fixed_cable_tray,yes,visible,1.000,"rgba(0.080,0.090,0.100,1.000)",low,visible compound STEP geometry
rear_fixed_cable_tray,yes,visible,1.000,"rgba(0.130,0.140,0.150,1.000)",low,visible compound STEP geometry
rear_fixed_cable_tray,yes,visible,1.000,"rgba(0.130,0.140,0.150,1.000)",low,visible compound STEP geometry
rear_fixed_cable_tray,yes,visible,1.000,"rgba(0.320,0.330,0.340,1.000)",low,visible compound STEP geometry
rear_fixed_cable_tray,yes,visible,1.000,"rgba(0.320,0.330,0.340,1.000)",low,visible compound STEP geometry
rear_fixed_cable_tray,yes,visible,1.000,"rgba(0.320,0.330,0.340,1.000)",low,visible compound STEP geometry
rear_fixed_cable_tray,yes,visible,1.000,"rgba(0.320,0.330,0.340,1.000)",low,visible compound STEP geometry
rear_fixed_cable_tray,yes,visible,1.000,"rgba(0.320,0.330,0.340,1.000)",low,visible compound STEP geometry
control_box_cable_gland_stubs,yes,visible,1.000,"rgba(0.010,0.010,0.010,1.000)",low,visible compound STEP geometry
control_box_cable_gland_stubs,yes,visible,1.000,"rgba(0.010,0.010,0.010,1.000)",low,visible compound STEP geometry
control_box_cable_gland_stubs,yes,visible,1.000,"rgba(0.010,0.010,0.010,1.000)",low,visible compound STEP geometry
control_box_cable_gland_stubs,yes,visible,1.000,"rgba(0.010,0.010,0.010,1.000)",low,visible compound STEP geometry
control_box_cable_gland_stubs,yes,visible,1.000,"rgba(0.010,0.010,0.010,1.000)",low,visible compound STEP geometry
control_box_cable_gland_stubs,yes,visible,1.000,"rgba(0.010,0.010,0.010,1.000)",low,visible compound STEP geometry
control_box_cable_gland_stubs,yes,visible,1.000,"rgba(0.010,0.010,0.010,1.000)",low,visible compound STEP geometry
control_box_cable_gland_stubs,yes,visible,1.000,"rgba(0.010,0.010,0.010,1.000)",low,visible compound STEP geometry
control_box_cable_gland_stubs,yes,visible,1.000,"rgba(0.010,0.010,0.010,1.000)",low,visible compound STEP geometry
control_box_cable_gland_stubs,yes,visible,1.000,"rgba(0.010,0.010,0.010,1.000)",low,visible compound STEP geometry
control_box_cable_gland_stubs,yes,visible,1.000,"rgba(0.010,0.010,0.010,1.000)",low,visible compound STEP geometry
control_box_cable_gland_stubs,yes,visible,1.000,"rgba(0.010,0.010,0.010,1.000)",low,visible compound STEP geometry
control_box_cable_gland_stubs,yes,visible,1.000,"rgba(0.010,0.010,0.010,1.000)",low,visible compound STEP geometry
control_box_cable_gland_stubs,yes,visible,1.000,"rgba(0.010,0.010,0.010,1.000)",low,visible compound STEP geometry
control_box_cable_gland_stubs,yes,visible,1.000,"rgba(0.010,0.010,0.010,1.000)",low,visible compound STEP geometry
control_box_cable_gland_stubs,yes,visible,1.000,"rgba(0.010,0.010,0.010,1.000)",low,visible compound STEP geometry
control_box_cable_gland_stubs,yes,visible,1.000,"rgba(0.010,0.010,0.010,1.000)",low,visible compound STEP geometry
control_box_cable_gland_stubs,yes,visible,1.000,"rgba(0.010,0.010,0.010,1.000)",low,visible compound STEP geometry
control_box_cable_gland_stubs,yes,visible,1.000,"rgba(0.010,0.010,0.010,1.000)",low,visible compound STEP geometry
control_box_cable_gland_stubs,yes,visible,1.000,"rgba(0.010,0.010,0.010,1.000)",low,visible compound STEP geometry
control_box_cable_gland_stubs,yes,visible,1.000,"rgba(0.010,0.010,0.010,1.000)",low,visible compound STEP geometry
control_box_cable_gland_stubs,yes,visible,1.000,"rgba(0.010,0.010,0.010,1.000)",low,visible compound STEP geometry
control_box_cable_gland_stubs,yes,visible,1.000,"rgba(0.010,0.010,0.010,1.000)",low,visible compound STEP geometry
control_box_cable_gland_stubs,yes,visible,1.000,"rgba(0.010,0.010,0.010,1.000)",low,visible compound STEP geometry
control_box_cable_gland_stubs,yes,visible,1.000,"rgba(0.010,0.010,0.010,1.000)",low,visible compound STEP geometry
control_box_cable_gland_stubs,yes,visible,1.000,"rgba(0.010,0.010,0.010,1.000)",low,visible compound STEP geometry
control_box_cable_gland_stubs,yes,visible,1.000,"rgba(0.010,0.010,0.010,1.000)",low,visible compound STEP geometry
control_box_cable_gland_stubs,yes,visible,1.000,"rgba(0.010,0.010,0.010,1.000)",low,visible compound STEP geometry
control_box_cable_gland_stubs,yes,visible,1.000,"rgba(0.010,0.010,0.010,1.000)",low,visible compound STEP geometry
control_box_cable_gland_stubs,yes,visible,1.000,"rgba(0.010,0.010,0.010,1.000)",low,visible compound STEP geometry
control_box_cable_gland_stubs,yes,visible,1.000,"rgba(0.010,0.010,0.010,1.000)",low,visible compound STEP geometry
control_box_cable_gland_stubs,yes,visible,1.000,"rgba(0.010,0.010,0.010,1.000)",low,visible compound STEP geometry
control_box_cable_gland_stubs,yes,visible,1.000,"rgba(0.010,0.010,0.010,1.000)",low,visible compound STEP geometry
control_box_cable_gland_stubs,yes,visible,1.000,"rgba(0.030,0.360,0.120,1.000)",low,visible compound STEP geometry
control_box_cable_gland_stubs,yes,visible,1.000,"rgba(0.030,0.360,0.120,1.000)",low,visible compound STEP geometry
control_box_cable_gland_stubs,yes,visible,1.000,"rgba(0.030,0.360,0.120,1.000)",low,visible compound STEP geometry
control_box_cable_gland_stubs,yes,visible,1.000,"rgba(0.030,0.360,0.120,1.000)",low,visible compound STEP geometry
control_box_cable_gland_stubs,yes,visible,1.000,"rgba(0.030,0.360,0.120,1.000)",low,visible compound STEP geometry
control_box_cable_gland_stubs,yes,visible,1.000,"rgba(0.030,0.360,0.120,1.000)",low,visible compound STEP geometry
control_box_cable_gland_stubs,yes,visible,1.000,"rgba(0.030,0.360,0.120,1.000)",low,visible compound STEP geometry
control_box_cable_gland_stubs,yes,visible,1.000,"rgba(0.030,0.360,0.120,1.000)",low,visible compound STEP geometry
control_box_cable_gland_stubs,yes,visible,1.000,"rgba(0.030,0.360,0.120,1.000)",low,visible compound STEP geometry
control_box_cable_gland_stubs,yes,visible,1.000,"rgba(0.030,0.360,0.120,1.000)",low,visible compound STEP geometry
control_box_cable_gland_stubs,yes,visible,1.000,"rgba(0.030,0.360,0.120,1.000)",low,visible compound STEP geometry
main_cable_chain_links,yes,visible,1.000,"rgba(0.020,0.020,0.025,1.000)",low,visible compound STEP geometry
main_cable_chain_links,yes,visible,1.000,"rgba(0.020,0.020,0.025,1.000)",low,visible compound STEP geometry
main_cable_chain_links,yes,visible,1.000,"rgba(0.020,0.020,0.025,1.000)",low,visible compound STEP geometry
main_cable_chain_links,yes,visible,1.000,"rgba(0.340,0.350,0.360,1.000)",low,visible compound STEP geometry
main_cable_chain_links,yes,visible,1.000,"rgba(0.020,0.020,0.025,1.000)",low,visible compound STEP geometry
main_cable_chain_links,yes,visible,1.000,"rgba(0.020,0.020,0.025,1.000)",low,visible compound STEP geometry
main_cable_chain_links,yes,visible,1.000,"rgba(0.020,0.020,0.025,1.000)",low,visible compound STEP geometry
main_cable_chain_links,yes,visible,1.000,"rgba(0.020,0.020,0.025,1.000)",low,visible compound STEP geometry
main_cable_chain_links,yes,visible,1.000,"rgba(0.020,0.020,0.025,1.000)",low,visible compound STEP geometry
main_cable_chain_links,yes,visible,1.000,"rgba(0.020,0.020,0.025,1.000)",low,visible compound STEP geometry
main_cable_chain_links,yes,visible,1.000,"rgba(0.020,0.020,0.025,1.000)",low,visible compound STEP geometry
main_cable_chain_links,yes,visible,1.000,"rgba(0.020,0.020,0.025,1.000)",low,visible compound STEP geometry
main_cable_chain_links,yes,visible,1.000,"rgba(0.020,0.020,0.025,1.000)",low,visible compound STEP geometry
main_cable_chain_links,yes,visible,1.000,"rgba(0.020,0.020,0.025,1.000)",low,visible compound STEP geometry
main_cable_chain_links,yes,visible,1.000,"rgba(0.020,0.020,0.025,1.000)",low,visible compound STEP geometry
main_cable_chain_links,yes,visible,1.000,"rgba(0.020,0.020,0.025,1.000)",low,visible compound STEP geometry
main_cable_chain_links,yes,visible,1.000,"rgba(0.340,0.350,0.360,1.000)",low,visible compound STEP geometry
main_cable_chain_links,yes,visible,1.000,"rgba(0.020,0.020,0.025,1.000)",low,visible compound STEP geometry
main_cable_chain_links,yes,visible,1.000,"rgba(0.020,0.020,0.025,1.000)",low,visible compound STEP geometry
main_cable_chain_links,yes,visible,1.000,"rgba(0.020,0.020,0.025,1.000)",low,visible compound STEP geometry
main_cable_chain_links,yes,visible,1.000,"rgba(0.020,0.020,0.025,1.000)",low,visible compound STEP geometry
main_cable_chain_links,yes,visible,1.000,"rgba(0.020,0.020,0.025,1.000)",low,visible compound STEP geometry
main_cable_chain_links,yes,visible,1.000,"rgba(0.020,0.020,0.025,1.000)",low,visible compound STEP geometry
main_cable_chain_links,yes,visible,1.000,"rgba(0.020,0.020,0.025,1.000)",low,visible compound STEP geometry
main_cable_chain_links,yes,visible,1.000,"rgba(0.020,0.020,0.025,1.000)",low,visible compound STEP geometry
main_cable_chain_links,yes,visible,1.000,"rgba(0.020,0.020,0.025,1.000)",low,visible compound STEP geometry
main_cable_chain_links,yes,visible,1.000,"rgba(0.020,0.020,0.025,1.000)",low,visible compound STEP geometry
main_cable_chain_links,yes,visible,1.000,"rgba(0.020,0.020,0.025,1.000)",low,visible compound STEP geometry
main_cable_chain_links,yes,visible,1.000,"rgba(0.020,0.020,0.025,1.000)",low,visible compound STEP geometry
main_cable_chain_links,yes,visible,1.000,"rgba(0.340,0.350,0.360,1.000)",low,visible compound STEP geometry
main_cable_chain_links,yes,visible,1.000,"rgba(0.020,0.020,0.025,1.000)",low,visible compound STEP geometry
main_cable_chain_links,yes,visible,1.000,"rgba(0.020,0.020,0.025,1.000)",low,visible compound STEP geometry
main_cable_chain_links,yes,visible,1.000,"rgba(0.020,0.020,0.025,1.000)",low,visible compound STEP geometry
main_cable_chain_links,yes,visible,1.000,"rgba(0.020,0.020,0.025,1.000)",low,visible compound STEP geometry
main_cable_chain_links,yes,visible,1.000,"rgba(0.020,0.020,0.025,1.000)",low,visible compound STEP geometry
main_cable_chain_links,yes,visible,1.000,"rgba(0.020,0.020,0.025,1.000)",low,visible compound STEP geometry
main_cable_chain_links,yes,visible,1.000,"rgba(0.020,0.020,0.025,1.000)",low,visible compound STEP geometry
main_cable_chain_links,yes,visible,1.000,"rgba(0.020,0.020,0.025,1.000)",low,visible compound STEP geometry
main_cable_chain_links,yes,visible,1.000,"rgba(0.020,0.020,0.025,1.000)",low,visible compound STEP geometry
main_cable_chain_links,yes,visible,1.000,"rgba(0.020,0.020,0.025,1.000)",low,visible compound STEP geometry
main_cable_chain_links,yes,visible,1.000,"rgba(0.020,0.020,0.025,1.000)",low,visible compound STEP geometry
main_cable_chain_links,yes,visible,1.000,"rgba(0.020,0.020,0.025,1.000)",low,visible compound STEP geometry
main_cable_chain_links,yes,visible,1.000,"rgba(0.340,0.350,0.360,1.000)",low,visible compound STEP geometry
main_cable_chain_links,yes,visible,1.000,"rgba(0.020,0.020,0.025,1.000)",low,visible compound STEP geometry
main_cable_chain_links,yes,visible,1.000,"rgba(0.020,0.020,0.025,1.000)",low,visible compound STEP geometry
main_cable_chain_links,yes,visible,1.000,"rgba(0.020,0.020,0.025,1.000)",low,visible compound STEP geometry
main_cable_chain_links,yes,visible,1.000,"rgba(0.020,0.020,0.025,1.000)",low,visible compound STEP geometry
main_cable_chain_links,yes,visible,1.000,"rgba(0.020,0.020,0.025,1.000)",low,visible compound STEP geometry
main_cable_chain_links,yes,visible,1.000,"rgba(0.020,0.020,0.025,1.000)",low,visible compound STEP geometry
main_cable_chain_links,yes,visible,1.000,"rgba(0.020,0.020,0.025,1.000)",low,visible compound STEP geometry
main_cable_chain_links,yes,visible,1.000,"rgba(0.020,0.020,0.025,1.000)",low,visible compound STEP geometry
main_cable_chain_links,yes,visible,1.000,"rgba(0.020,0.020,0.025,1.000)",low,visible compound STEP geometry
main_cable_chain_links,yes,visible,1.000,"rgba(0.020,0.020,0.025,1.000)",low,visible compound STEP geometry
main_cable_chain_links,yes,visible,1.000,"rgba(0.020,0.020,0.025,1.000)",low,visible compound STEP geometry
main_cable_chain_links,yes,visible,1.000,"rgba(0.020,0.020,0.025,1.000)",low,visible compound STEP geometry
main_cable_chain_links,yes,visible,1.000,"rgba(0.340,0.350,0.360,1.000)",low,visible compound STEP geometry
main_cable_chain_links,yes,visible,1.000,"rgba(0.020,0.020,0.025,1.000)",low,visible compound STEP geometry
main_cable_chain_links,yes,visible,1.000,"rgba(0.020,0.020,0.025,1.000)",low,visible compound STEP geometry
main_cable_chain_links,yes,visible,1.000,"rgba(0.020,0.020,0.025,1.000)",low,visible compound STEP geometry
main_cable_chain_links,yes,visible,1.000,"rgba(0.020,0.020,0.025,1.000)",low,visible compound STEP geometry
main_cable_chain_links,yes,visible,1.000,"rgba(0.020,0.020,0.025,1.000)",low,visible compound STEP geometry
main_cable_chain_links,yes,visible,1.000,"rgba(0.020,0.020,0.025,1.000)",low,visible compound STEP geometry
main_cable_chain_links,yes,visible,1.000,"rgba(0.020,0.020,0.025,1.000)",low,visible compound STEP geometry
main_cable_chain_links,yes,visible,1.000,"rgba(0.020,0.020,0.025,1.000)",low,visible compound STEP geometry
main_cable_chain_links,yes,visible,1.000,"rgba(0.020,0.020,0.025,1.000)",low,visible compound STEP geometry
main_cable_chain_links,yes,visible,1.000,"rgba(0.020,0.020,0.025,1.000)",low,visible compound STEP geometry
main_cable_chain_links,yes,visible,1.000,"rgba(0.020,0.020,0.025,1.000)",low,visible compound STEP geometry
main_cable_chain_links,yes,visible,1.000,"rgba(0.020,0.020,0.025,1.000)",low,visible compound STEP geometry
main_cable_chain_links,yes,visible,1.000,"rgba(0.340,0.350,0.360,1.000)",low,visible compound STEP geometry
main_cable_chain_links,yes,visible,1.000,"rgba(0.020,0.020,0.025,1.000)",low,visible compound STEP geometry
main_cable_chain_links,yes,visible,1.000,"rgba(0.020,0.020,0.025,1.000)",low,visible compound STEP geometry
main_cable_chain_links,yes,visible,1.000,"rgba(0.020,0.020,0.025,1.000)",low,visible compound STEP geometry
main_cable_chain_links,yes,visible,1.000,"rgba(0.020,0.020,0.025,1.000)",low,visible compound STEP geometry
main_cable_chain_links,yes,visible,1.000,"rgba(0.020,0.020,0.025,1.000)",low,visible compound STEP geometry
main_cable_chain_links,yes,visible,1.000,"rgba(0.020,0.020,0.025,1.000)",low,visible compound STEP geometry
main_cable_chain_links,yes,visible,1.000,"rgba(0.020,0.020,0.025,1.000)",low,visible compound STEP geometry
main_cable_chain_links,yes,visible,1.000,"rgba(0.020,0.020,0.025,1.000)",low,visible compound STEP geometry
main_cable_chain_links,yes,visible,1.000,"rgba(0.020,0.020,0.025,1.000)",low,visible compound STEP geometry
main_cable_chain_links,yes,visible,1.000,"rgba(0.020,0.020,0.025,1.000)",low,visible compound STEP geometry
main_cable_chain_links,yes,visible,1.000,"rgba(0.020,0.020,0.025,1.000)",low,visible compound STEP geometry
main_cable_chain_links,yes,visible,1.000,"rgba(0.020,0.020,0.025,1.000)",low,visible compound STEP geometry
main_cable_chain_links,yes,visible,1.000,"rgba(0.340,0.350,0.360,1.000)",low,visible compound STEP geometry
main_cable_chain_links,yes,visible,1.000,"rgba(0.020,0.020,0.025,1.000)",low,visible compound STEP geometry
main_cable_chain_links,yes,visible,1.000,"rgba(0.020,0.020,0.025,1.000)",low,visible compound STEP geometry
main_cable_chain_links,yes,visible,1.000,"rgba(0.020,0.020,0.025,1.000)",low,visible compound STEP geometry
main_cable_chain_links,yes,visible,1.000,"rgba(0.020,0.020,0.025,1.000)",low,visible compound STEP geometry
main_cable_chain_links,yes,visible,1.000,"rgba(0.020,0.020,0.025,1.000)",low,visible compound STEP geometry
main_cable_chain_links,yes,visible,1.000,"rgba(0.020,0.020,0.025,1.000)",low,visible compound STEP geometry
main_cable_chain_links,yes,visible,1.000,"rgba(0.020,0.020,0.025,1.000)",low,visible compound STEP geometry
main_cable_chain_links,yes,visible,1.000,"rgba(0.020,0.020,0.025,1.000)",low,visible compound STEP geometry
main_cable_chain_links,yes,visible,1.000,"rgba(0.020,0.020,0.025,1.000)",low,visible compound STEP geometry
main_cable_chain_links,yes,visible,1.000,"rgba(0.020,0.020,0.025,1.000)",low,visible compound STEP geometry
cable_chain_fixed_anchor,yes,visible,1.000,"rgba(0.320,0.330,0.340,1.000)",low,visible compound STEP geometry
cable_chain_fixed_anchor,yes,visible,1.000,"rgba(0.320,0.330,0.340,1.000)",low,visible compound STEP geometry
cable_chain_moving_anchor,yes,visible,1.000,"rgba(0.320,0.330,0.340,1.000)",low,visible compound STEP geometry
cable_chain_moving_anchor,yes,visible,1.000,"rgba(0.320,0.330,0.340,1.000)",low,visible compound STEP geometry
moving_flexible_hose_bundle,yes,visible,1.000,"rgba(0.010,0.010,0.010,1.000)",low,visible compound STEP geometry
moving_flexible_hose_bundle,yes,visible,1.000,"rgba(0.010,0.010,0.010,1.000)",low,visible compound STEP geometry
moving_flexible_hose_bundle,yes,visible,1.000,"rgba(0.010,0.010,0.010,1.000)",low,visible compound STEP geometry
moving_flexible_hose_bundle,yes,visible,1.000,"rgba(0.010,0.010,0.010,1.000)",low,visible compound STEP geometry
moving_flexible_hose_bundle,yes,visible,1.000,"rgba(0.010,0.010,0.010,1.000)",low,visible compound STEP geometry
moving_flexible_hose_bundle,yes,visible,1.000,"rgba(0.010,0.010,0.010,1.000)",low,visible compound STEP geometry
moving_flexible_hose_bundle,yes,visible,1.000,"rgba(0.010,0.010,0.010,1.000)",low,visible compound STEP geometry
moving_flexible_hose_bundle,yes,visible,1.000,"rgba(0.010,0.010,0.010,1.000)",low,visible compound STEP geometry
moving_flexible_hose_bundle,yes,visible,1.000,"rgba(0.010,0.010,0.010,1.000)",low,visible compound STEP geometry
moving_flexible_hose_bundle,yes,visible,1.000,"rgba(0.010,0.010,0.010,1.000)",low,visible compound STEP geometry
moving_flexible_hose_bundle,yes,visible,1.000,"rgba(0.010,0.010,0.010,1.000)",low,visible compound STEP geometry
moving_flexible_hose_bundle,yes,visible,1.000,"rgba(0.010,0.010,0.010,1.000)",low,visible compound STEP geometry
moving_flexible_hose_bundle,yes,visible,1.000,"rgba(0.010,0.010,0.010,1.000)",low,visible compound STEP geometry
moving_flexible_hose_bundle,yes,visible,1.000,"rgba(0.010,0.010,0.010,1.000)",low,visible compound STEP geometry
moving_flexible_hose_bundle,yes,visible,1.000,"rgba(0.010,0.010,0.010,1.000)",low,visible compound STEP geometry
moving_flexible_hose_bundle,yes,visible,1.000,"rgba(0.010,0.010,0.010,1.000)",low,visible compound STEP geometry
moving_flexible_hose_bundle,yes,visible,1.000,"rgba(0.010,0.010,0.010,1.000)",low,visible compound STEP geometry
moving_flexible_hose_bundle,yes,visible,1.000,"rgba(0.010,0.010,0.010,1.000)",low,visible compound STEP geometry
moving_flexible_hose_bundle,yes,visible,1.000,"rgba(0.010,0.010,0.010,1.000)",low,visible compound STEP geometry
moving_flexible_hose_bundle,yes,visible,1.000,"rgba(0.010,0.010,0.010,1.000)",low,visible compound STEP geometry
moving_flexible_hose_bundle,yes,visible,1.000,"rgba(0.010,0.010,0.010,1.000)",low,visible compound STEP geometry
moving_flexible_hose_bundle,yes,visible,1.000,"rgba(0.010,0.010,0.010,1.000)",low,visible compound STEP geometry
moving_flexible_hose_bundle,yes,visible,1.000,"rgba(0.010,0.010,0.010,1.000)",low,visible compound STEP geometry
moving_flexible_hose_bundle,yes,visible,1.000,"rgba(0.015,0.015,0.015,1.000)",low,visible compound STEP geometry
cable_clamps,yes,visible,1.000,"rgba(0.015,0.015,0.015,1.000)",low,visible compound STEP geometry
cable_clamps,yes,visible,1.000,"rgba(0.015,0.015,0.015,1.000)",low,visible compound STEP geometry
cable_clamps,yes,visible,1.000,"rgba(0.015,0.015,0.015,1.000)",low,visible compound STEP geometry
cable_clamps,yes,visible,1.000,"rgba(0.015,0.015,0.015,1.000)",low,visible compound STEP geometry
cable_clamps,yes,visible,1.000,"rgba(0.015,0.015,0.015,1.000)",low,visible compound STEP geometry
cable_clamps,yes,visible,1.000,"rgba(0.015,0.015,0.015,1.000)",low,visible compound STEP geometry
cable_clamps,yes,visible,1.000,"rgba(0.015,0.015,0.015,1.000)",low,visible compound STEP geometry
cable_clamps,yes,visible,1.000,"rgba(0.015,0.015,0.015,1.000)",low,visible compound STEP geometry
cable_chain_mounting_tabs_usage,yes,visible,1.000,"rgba(0.320,0.330,0.340,1.000)",low,visible compound STEP geometry
cable_chain_mounting_tabs_usage,yes,visible,1.000,"rgba(0.320,0.330,0.340,1.000)",low,visible compound STEP geometry
cable_chain_mounting_tabs_usage,yes,visible,1.000,"rgba(0.320,0.330,0.340,1.000)",low,visible compound STEP geometry
z_gripper_adapter_plate_v1,yes,visible,1.000,"rgba(0.550,0.570,0.580,1.000)",low,visible compound STEP geometry
z_gripper_adapter_plate_v1,yes,visible,1.000,"rgba(0.550,0.570,0.580,1.000)",low,visible compound STEP geometry
z_gripper_adapter_plate_v1,yes,visible,1.000,"rgba(0.550,0.570,0.580,1.000)",low,visible compound STEP geometry
z_gripper_adapter_plate_v1,yes,visible,1.000,"rgba(0.030,0.030,0.032,1.000)",low,visible compound STEP geometry
z_gripper_adapter_plate_v1,yes,visible,1.000,"rgba(0.030,0.030,0.032,1.000)",low,visible compound STEP geometry
z_gripper_adapter_plate_v1,yes,visible,1.000,"rgba(0.030,0.030,0.032,1.000)",low,visible compound STEP geometry
z_gripper_adapter_plate_v1,yes,visible,1.000,"rgba(0.030,0.030,0.032,1.000)",low,visible compound STEP geometry
electric_parallel_gripper_body_v1,yes,visible,1.000,"rgba(0.080,0.085,0.090,1.000)",low,visible compound STEP geometry
electric_parallel_gripper_body_v1,yes,visible,1.000,"rgba(0.015,0.015,0.018,1.000)",low,visible compound STEP geometry
electric_parallel_gripper_body_v1,yes,visible,1.000,"rgba(0.620,0.640,0.650,1.000)",low,visible compound STEP geometry
electric_parallel_gripper_body_v1,yes,visible,1.000,"rgba(0.030,0.030,0.032,1.000)",low,visible compound STEP geometry
electric_parallel_gripper_body_v1,yes,visible,1.000,"rgba(0.030,0.030,0.032,1.000)",low,visible compound STEP geometry
electric_parallel_gripper_body_v1,yes,visible,1.000,"rgba(0.030,0.030,0.032,1.000)",low,visible compound STEP geometry
electric_parallel_gripper_body_v1,yes,visible,1.000,"rgba(0.030,0.030,0.032,1.000)",low,visible compound STEP geometry
two_finger_gripper_jaws_v1,yes,visible,1.000,"rgba(0.620,0.640,0.650,1.000)",low,visible compound STEP geometry
two_finger_gripper_jaws_v1,yes,visible,1.000,"rgba(0.620,0.640,0.650,1.000)",low,visible compound STEP geometry
two_finger_gripper_jaws_v1,yes,visible,1.000,"rgba(0.620,0.640,0.650,1.000)",low,visible compound STEP geometry
two_finger_gripper_jaws_v1,yes,visible,1.000,"rgba(0.620,0.640,0.650,1.000)",low,visible compound STEP geometry
soft_tube_contact_pads_v1,yes,visible,1.000,"rgba(0.010,0.010,0.010,1.000)",low,visible compound STEP geometry
soft_tube_contact_pads_v1,yes,visible,1.000,"rgba(0.010,0.010,0.010,1.000)",low,visible compound STEP geometry
soft_tube_contact_pads_v1,yes,visible,1.000,"rgba(0.030,0.030,0.032,1.000)",low,visible compound STEP geometry
soft_tube_contact_pads_v1,yes,visible,1.000,"rgba(0.030,0.030,0.032,1.000)",low,visible compound STEP geometry
gripper_cable_strain_relief_v1,yes,visible,1.000,"rgba(0.008,0.008,0.009,1.000)",low,visible compound STEP geometry
gripper_cable_strain_relief_v1,yes,visible,1.000,"rgba(0.008,0.008,0.009,1.000)",low,visible compound STEP geometry
left_y_slider_top_adapter_plate_v1_3,yes,visible,1.000,"rgba(0.600,0.610,0.620,1.000)",low,visible compound STEP geometry
left_y_slider_top_adapter_plate_v1_3,yes,visible,1.000,"rgba(0.160,0.160,0.170,1.000)",low,visible compound STEP geometry
left_y_slider_top_adapter_plate_v1_3,yes,visible,1.000,"rgba(0.600,0.610,0.620,1.000)",low,visible compound STEP geometry
left_y_slider_top_adapter_plate_v1_3,yes,visible,1.000,"rgba(0.030,0.030,0.032,1.000)",low,visible compound STEP geometry
left_y_slider_top_adapter_plate_v1_3,yes,visible,1.000,"rgba(0.030,0.030,0.032,1.000)",low,visible compound STEP geometry
left_y_slider_top_adapter_plate_v1_3,yes,visible,1.000,"rgba(0.030,0.030,0.032,1.000)",low,visible compound STEP geometry
left_y_slider_top_adapter_plate_v1_3,yes,visible,1.000,"rgba(0.030,0.030,0.032,1.000)",low,visible compound STEP geometry
left_y_slider_top_adapter_plate_v1_3,yes,visible,1.000,"rgba(0.030,0.030,0.032,1.000)",low,visible compound STEP geometry
left_y_slider_top_adapter_plate_v1_3,yes,visible,1.000,"rgba(0.030,0.030,0.032,1.000)",low,visible compound STEP geometry
right_y_slider_top_adapter_plate_v1_3,yes,visible,1.000,"rgba(0.600,0.610,0.620,1.000)",low,visible compound STEP geometry
right_y_slider_top_adapter_plate_v1_3,yes,visible,1.000,"rgba(0.160,0.160,0.170,1.000)",low,visible compound STEP geometry
right_y_slider_top_adapter_plate_v1_3,yes,visible,1.000,"rgba(0.600,0.610,0.620,1.000)",low,visible compound STEP geometry
right_y_slider_top_adapter_plate_v1_3,yes,visible,1.000,"rgba(0.030,0.030,0.032,1.000)",low,visible compound STEP geometry
right_y_slider_top_adapter_plate_v1_3,yes,visible,1.000,"rgba(0.030,0.030,0.032,1.000)",low,visible compound STEP geometry
right_y_slider_top_adapter_plate_v1_3,yes,visible,1.000,"rgba(0.030,0.030,0.032,1.000)",low,visible compound STEP geometry
right_y_slider_top_adapter_plate_v1_3,yes,visible,1.000,"rgba(0.030,0.030,0.032,1.000)",low,visible compound STEP geometry
right_y_slider_top_adapter_plate_v1_3,yes,visible,1.000,"rgba(0.030,0.030,0.032,1.000)",low,visible compound STEP geometry
right_y_slider_top_adapter_plate_v1_3,yes,visible,1.000,"rgba(0.030,0.030,0.032,1.000)",low,visible compound STEP geometry
left_x_beam_end_saddle_v1_3,yes,visible,1.000,"rgba(0.160,0.160,0.170,1.000)",low,visible compound STEP geometry
left_x_beam_end_saddle_v1_3,yes,visible,1.000,"rgba(0.600,0.610,0.620,1.000)",low,visible compound STEP geometry
left_x_beam_end_saddle_v1_3,yes,visible,1.000,"rgba(0.450,0.460,0.470,1.000)",low,visible compound STEP geometry
left_x_beam_end_saddle_v1_3,yes,visible,1.000,"rgba(0.450,0.460,0.470,1.000)",low,visible compound STEP geometry
left_x_beam_end_saddle_v1_3,yes,visible,1.000,"rgba(0.030,0.030,0.032,1.000)",low,visible compound STEP geometry
left_x_beam_end_saddle_v1_3,yes,visible,1.000,"rgba(0.030,0.030,0.032,1.000)",low,visible compound STEP geometry
left_x_beam_end_saddle_v1_3,yes,visible,1.000,"rgba(0.030,0.030,0.032,1.000)",low,visible compound STEP geometry
left_x_beam_end_saddle_v1_3,yes,visible,1.000,"rgba(0.030,0.030,0.032,1.000)",low,visible compound STEP geometry
left_x_beam_end_saddle_v1_3,yes,visible,1.000,"rgba(0.030,0.030,0.032,1.000)",low,visible compound STEP geometry
left_x_beam_end_saddle_v1_3,yes,visible,1.000,"rgba(0.030,0.030,0.032,1.000)",low,visible compound STEP geometry
right_x_beam_end_saddle_v1_3,yes,visible,1.000,"rgba(0.160,0.160,0.170,1.000)",low,visible compound STEP geometry
right_x_beam_end_saddle_v1_3,yes,visible,1.000,"rgba(0.600,0.610,0.620,1.000)",low,visible compound STEP geometry
right_x_beam_end_saddle_v1_3,yes,visible,1.000,"rgba(0.450,0.460,0.470,1.000)",low,visible compound STEP geometry
right_x_beam_end_saddle_v1_3,yes,visible,1.000,"rgba(0.450,0.460,0.470,1.000)",low,visible compound STEP geometry
right_x_beam_end_saddle_v1_3,yes,visible,1.000,"rgba(0.030,0.030,0.032,1.000)",low,visible compound STEP geometry
right_x_beam_end_saddle_v1_3,yes,visible,1.000,"rgba(0.030,0.030,0.032,1.000)",low,visible compound STEP geometry
right_x_beam_end_saddle_v1_3,yes,visible,1.000,"rgba(0.030,0.030,0.032,1.000)",low,visible compound STEP geometry
right_x_beam_end_saddle_v1_3,yes,visible,1.000,"rgba(0.030,0.030,0.032,1.000)",low,visible compound STEP geometry
right_x_beam_end_saddle_v1_3,yes,visible,1.000,"rgba(0.030,0.030,0.032,1.000)",low,visible compound STEP geometry
right_x_beam_end_saddle_v1_3,yes,visible,1.000,"rgba(0.030,0.030,0.032,1.000)",low,visible compound STEP geometry
