interface_id,from_component,to_component,connection_type,custom_or_standard,mounting_method,fastener_count_concept,alignment_status,notes
left_y_carriage_to_left_adapter,left_y_axis_module / carriage area,left_y_carriage_adapter_plate_v1,Y carriage to custom adapter,custom_adapter,bolted plate stack,8,aligned,Supplier Y module retained; adapter is custom machined plate.
right_y_carriage_to_right_adapter,right_y_axis_module / carriage area,right_y_carriage_adapter_plate_v1,Y carriage to custom adapter,custom_adapter,bolted plate stack,8,aligned,Supplier Y module retained; adapter is custom machined plate.
left_adapter_to_left_x_beam_end_mount,left_y_carriage_adapter_plate_v1,left_x_beam_end_mount_v1,adapter to X beam end mount,custom_adapter,side bracket and bolted web,8,aligned,Creates visible load path from left Y to X beam.
right_adapter_to_right_x_beam_end_mount,right_y_carriage_adapter_plate_v1,right_x_beam_end_mount_v1,adapter to X beam end mount,custom_adapter,side bracket and bolted web,8,aligned,Creates visible load path from right Y to X beam.
left_x_beam_end_mount_to_x_axis_module,left_x_beam_end_mount_v1,x_axis_module_on_gantry,X beam end fixing,custom_adapter_to_standard_part,end plate with cap/lug,8,aligned,X linear module remains standard/supplier CAD.
right_x_beam_end_mount_to_x_axis_module,right_x_beam_end_mount_v1,x_axis_module_on_gantry,X beam end fixing,custom_adapter_to_standard_part,end plate with cap/lug,8,aligned,X linear module remains standard/supplier CAD.
gantry_joint_to_cable_chain_tab,gantry_joint_adapter_module_v1,cable_chain_mounting_tabs,future cable-chain interface,custom_adapter,nearby mounting tab reference,2,reserved,Stage 7A-3d cable chain retained; no new cable routing.
gantry_joint_to_moving_hose_strain_relief,gantry_joint_adapter_module_v1,moving_flexible_hose_bundle,moving cable clearance reference,custom_adapter,clearance around hose path,0,clearance_checked,Joint geometry avoids accepted hose path.
z_axis_to_gripper_adapter,z_axis_module,z_gripper_adapter_plate_v1,Z axis to gripper adapter,custom_adapter_reference,existing v7.3e gripper adapter,4,retained,End-effector gripper module remains in v7.3f preview without TCP needle.
