pair_a,pair_b,bbox_overlap_candidate,exact_overlap_volume_mm3,minimum_distance_mm,clearance_threshold_mm,audit_status,notes
base_plate_1200x900x15,left_original_y_slider_mounting_datum_v1_6,no,,38.000000,5.0,ok,
base_plate_1200x900x15,right_original_y_slider_mounting_datum_v1_6,no,,38.000000,5.0,ok,
base_plate_1200x900x15,left_slider_binding_assembly_v1_6,no,,98.600000,5.0,ok,
base_plate_1200x900x15,right_slider_binding_assembly_v1_6,no,,98.600000,5.0,ok,
xz_adapter_plate_simplified,left_original_y_slider_mounting_datum_v1_6,no,,475.725225,5.0,ok,
xz_adapter_plate_simplified,right_original_y_slider_mounting_datum_v1_6,no,,441.496874,5.0,ok,
xz_adapter_plate_simplified,left_slider_binding_assembly_v1_6,no,,333.000000,5.0,ok,
xz_adapter_plate_simplified,right_slider_binding_assembly_v1_6,no,,333.000000,5.0,ok,
scan_tube_holder,left_original_y_slider_mounting_datum_v1_6,no,,349.923077,5.0,ok,
scan_tube_holder,right_original_y_slider_mounting_datum_v1_6,no,,594.542816,5.0,ok,
scan_tube_holder,left_slider_binding_assembly_v1_6,no,,232.498624,5.0,ok,
scan_tube_holder,right_slider_binding_assembly_v1_6,no,,503.404023,5.0,ok,
barcode_scanner_mount_bracket,left_original_y_slider_mounting_datum_v1_6,no,,325.848124,5.0,ok,
barcode_scanner_mount_bracket,right_original_y_slider_mounting_datum_v1_6,no,,603.603347,5.0,ok,
barcode_scanner_mount_bracket,left_slider_binding_assembly_v1_6,no,,201.231260,5.0,ok,
barcode_scanner_mount_bracket,right_slider_binding_assembly_v1_6,no,,508.093515,5.0,ok,
photoelectric_sensor_mount_bracket,left_original_y_slider_mounting_datum_v1_6,no,,412.819573,5.0,ok,
photoelectric_sensor_mount_bracket,right_original_y_slider_mounting_datum_v1_6,no,,482.700735,5.0,ok,
photoelectric_sensor_mount_bracket,left_slider_binding_assembly_v1_6,no,,284.477714,5.0,ok,
photoelectric_sensor_mount_bracket,right_slider_binding_assembly_v1_6,no,,387.998157,5.0,ok,
left_y_axis_module,left_original_y_slider_mounting_datum_v1_6,yes,,,5.0,allowed_mount_contact,expected datum or X beam support contact
left_y_axis_module,right_original_y_slider_mounting_datum_v1_6,no,,936.820176,5.0,ok,
left_y_axis_module,left_slider_binding_assembly_v1_6,no,,21.353010,5.0,ok,
left_y_axis_module,right_slider_binding_assembly_v1_6,no,,839.091913,5.0,ok,
right_y_axis_module,left_original_y_slider_mounting_datum_v1_6,no,,1000.751224,5.0,ok,
right_y_axis_module,right_original_y_slider_mounting_datum_v1_6,yes,,,5.0,allowed_mount_contact,expected datum or X beam support contact
right_y_axis_module,left_slider_binding_assembly_v1_6,no,,868.013904,5.0,ok,
right_y_axis_module,right_slider_binding_assembly_v1_6,no,,21.353010,5.0,ok,
x_axis_module_on_gantry,left_original_y_slider_mounting_datum_v1_6,no,,162.575975,5.0,ok,
x_axis_module_on_gantry,right_original_y_slider_mounting_datum_v1_6,no,,133.433749,5.0,ok,
x_axis_module_on_gantry,left_slider_binding_assembly_v1_6,no,,0.334896,5.0,allowed_mount_contact,expected datum or X beam support contact
x_axis_module_on_gantry,right_slider_binding_assembly_v1_6,yes,,,5.0,allowed_mount_contact,expected datum or X beam support contact
z_axis_module,left_original_y_slider_mounting_datum_v1_6,no,,477.692474,5.0,ok,
z_axis_module,right_original_y_slider_mounting_datum_v1_6,no,,442.897392,5.0,ok,
z_axis_module,left_slider_binding_assembly_v1_6,no,,342.100000,5.0,ok,
z_axis_module,right_slider_binding_assembly_v1_6,no,,342.100000,5.0,ok,
input_box_1,left_original_y_slider_mounting_datum_v1_6,no,,190.971202,5.0,ok,
input_box_1,right_original_y_slider_mounting_datum_v1_6,no,,732.014344,5.0,ok,
input_box_1,left_slider_binding_assembly_v1_6,no,,194.891175,5.0,ok,
input_box_1,right_slider_binding_assembly_v1_6,no,,644.188303,5.0,ok,
input_box_2,left_original_y_slider_mounting_datum_v1_6,no,,95.760117,5.0,ok,
input_box_2,right_original_y_slider_mounting_datum_v1_6,no,,713.123411,5.0,ok,
input_box_2,left_slider_binding_assembly_v1_6,no,,82.514059,5.0,ok,
input_box_2,right_slider_binding_assembly_v1_6,no,,619.519628,5.0,ok,
input_box_3,left_original_y_slider_mounting_datum_v1_6,no,,87.005747,5.0,ok,
input_box_3,right_original_y_slider_mounting_datum_v1_6,no,,712.000702,5.0,ok,
input_box_3,left_slider_binding_assembly_v1_6,no,,61.600000,5.0,ok,
input_box_3,right_slider_binding_assembly_v1_6,no,,617.082296,5.0,ok,
input_box_4,left_original_y_slider_mounting_datum_v1_6,no,,87.578536,5.0,ok,
input_box_4,right_original_y_slider_mounting_datum_v1_6,no,,712.070923,5.0,ok,
input_box_4,left_slider_binding_assembly_v1_6,no,,66.442231,5.0,ok,
input_box_4,right_slider_binding_assembly_v1_6,no,,617.584464,5.0,ok,
barcode_scanner,left_original_y_slider_mounting_datum_v1_6,no,,357.920173,5.0,ok,
barcode_scanner,right_original_y_slider_mounting_datum_v1_6,no,,582.101237,5.0,ok,
barcode_scanner,left_slider_binding_assembly_v1_6,no,,229.203578,5.0,ok,
barcode_scanner,right_slider_binding_assembly_v1_6,no,,485.788308,5.0,ok,
photoelectric_sensor,left_original_y_slider_mounting_datum_v1_6,no,,447.000000,5.0,ok,
photoelectric_sensor,right_original_y_slider_mounting_datum_v1_6,no,,413.000000,5.0,ok,
photoelectric_sensor,left_slider_binding_assembly_v1_6,no,,315.517622,5.0,ok,
photoelectric_sensor,right_slider_binding_assembly_v1_6,no,,316.512828,5.0,ok,
category_A_output_box_4x6,left_original_y_slider_mounting_datum_v1_6,no,,579.616252,5.0,ok,
category_A_output_box_4x6,right_original_y_slider_mounting_datum_v1_6,no,,228.713795,5.0,ok,
category_A_output_box_4x6,left_slider_binding_assembly_v1_6,no,,453.670111,5.0,ok,
category_A_output_box_4x6,right_slider_binding_assembly_v1_6,no,,155.101805,5.0,ok,
category_B_output_box_4x6,left_original_y_slider_mounting_datum_v1_6,no,,788.920148,5.0,ok,
category_B_output_box_4x6,right_original_y_slider_mounting_datum_v1_6,no,,56.302753,5.0,ok,
category_B_output_box_4x6,left_slider_binding_assembly_v1_6,no,,660.603186,5.0,ok,
category_B_output_box_4x6,right_slider_binding_assembly_v1_6,no,,93.169577,5.0,ok,
category_C_output_box_4x6,left_original_y_slider_mounting_datum_v1_6,no,,577.000867,5.0,ok,
category_C_output_box_4x6,right_original_y_slider_mounting_datum_v1_6,no,,222.002252,5.0,ok,
category_C_output_box_4x6,left_slider_binding_assembly_v1_6,no,,448.252786,5.0,ok,
category_C_output_box_4x6,right_slider_binding_assembly_v1_6,no,,138.457791,5.0,ok,
category_D_output_box_4x6,left_original_y_slider_mounting_datum_v1_6,no,,787.000635,5.0,ok,
category_D_output_box_4x6,right_original_y_slider_mounting_datum_v1_6,no,,12.041595,5.0,ok,
category_D_output_box_4x6,left_slider_binding_assembly_v1_6,no,,656.894634,5.0,ok,
category_D_output_box_4x6,right_slider_binding_assembly_v1_6,no,,61.600000,5.0,ok,
manual_review_bin_2x3,left_original_y_slider_mounting_datum_v1_6,no,,358.449787,5.0,ok,
manual_review_bin_2x3,right_original_y_slider_mounting_datum_v1_6,no,,643.553611,5.0,ok,
manual_review_bin_2x3,left_slider_binding_assembly_v1_6,no,,288.597159,5.0,ok,
manual_review_bin_2x3,right_slider_binding_assembly_v1_6,no,,562.644044,5.0,ok,
input_box_1_demo_tube_01_purple75,left_original_y_slider_mounting_datum_v1_6,no,,281.952124,5.0,ok,
input_box_1_demo_tube_01_purple75,right_original_y_slider_mounting_datum_v1_6,no,,903.433451,5.0,ok,
input_box_1_demo_tube_01_purple75,left_slider_binding_assembly_v1_6,no,,278.900000,5.0,ok,
input_box_1_demo_tube_01_purple75,right_slider_binding_assembly_v1_6,no,,815.193971,5.0,ok,
input_box_1_demo_tube_02_yellow100,left_original_y_slider_mounting_datum_v1_6,no,,321.224221,5.0,ok,
input_box_1_demo_tube_02_yellow100,right_original_y_slider_mounting_datum_v1_6,no,,823.465846,5.0,ok,
input_box_1_demo_tube_02_yellow100,left_slider_binding_assembly_v1_6,no,,283.346449,5.0,ok,
input_box_1_demo_tube_02_yellow100,right_slider_binding_assembly_v1_6,no,,736.823731,5.0,ok,
input_box_1_demo_tube_03_blue75,left_original_y_slider_mounting_datum_v1_6,no,,335.882420,5.0,ok,
input_box_1_demo_tube_03_blue75,right_original_y_slider_mounting_datum_v1_6,no,,761.493270,5.0,ok,
input_box_1_demo_tube_03_blue75,left_slider_binding_assembly_v1_6,no,,272.372557,5.0,ok,
input_box_1_demo_tube_03_blue75,right_slider_binding_assembly_v1_6,no,,674.408489,5.0,ok,
input_box_1_demo_tube_04_red75,left_original_y_slider_mounting_datum_v1_6,no,,259.401234,5.0,ok,
input_box_1_demo_tube_04_red75,right_original_y_slider_mounting_datum_v1_6,no,,834.342855,5.0,ok,
input_box_1_demo_tube_04_red75,left_slider_binding_assembly_v1_6,no,,223.983057,5.0,ok,
input_box_1_demo_tube_04_red75,right_slider_binding_assembly_v1_6,no,,744.166923,5.0,ok,
input_box_1_demo_tube_05_purple75,left_original_y_slider_mounting_datum_v1_6,no,,277.346354,5.0,ok,
input_box_1_demo_tube_05_purple75,right_original_y_slider_mounting_datum_v1_6,no,,773.242523,5.0,ok,
input_box_1_demo_tube_05_purple75,left_slider_binding_assembly_v1_6,no,,209.928583,5.0,ok,
input_box_1_demo_tube_05_purple75,right_slider_binding_assembly_v1_6,no,,682.423629,5.0,ok,
input_box_2_demo_tube_01_purple75,left_original_y_slider_mounting_datum_v1_6,no,,166.604322,5.0,ok,
input_box_2_demo_tube_01_purple75,right_original_y_slider_mounting_datum_v1_6,no,,874.329457,5.0,ok,
input_box_2_demo_tube_01_purple75,left_slider_binding_assembly_v1_6,no,,148.900000,5.0,ok,
input_box_2_demo_tube_01_purple75,right_slider_binding_assembly_v1_6,no,,780.337882,5.0,ok,
input_box_2_demo_tube_02_yellow100,left_original_y_slider_mounting_datum_v1_6,no,,226.814903,5.0,ok,
input_box_2_demo_tube_02_yellow100,right_original_y_slider_mounting_datum_v1_6,no,,791.426560,5.0,ok,
input_box_2_demo_tube_02_yellow100,left_slider_binding_assembly_v1_6,no,,157.070717,5.0,ok,
input_box_2_demo_tube_02_yellow100,right_slider_binding_assembly_v1_6,no,,698.065334,5.0,ok,
input_box_2_demo_tube_03_blue75,left_original_y_slider_mounting_datum_v1_6,no,,261.451716,5.0,ok,
input_box_2_demo_tube_03_blue75,right_original_y_slider_mounting_datum_v1_6,no,,731.718525,5.0,ok,
input_box_2_demo_tube_03_blue75,left_slider_binding_assembly_v1_6,no,,160.788090,5.0,ok,
input_box_2_demo_tube_03_blue75,right_slider_binding_assembly_v1_6,no,,637.567887,5.0,ok,
input_box_2_demo_tube_04_red75,left_original_y_slider_mounting_datum_v1_6,no,,173.519451,5.0,ok,
input_box_2_demo_tube_04_red75,right_original_y_slider_mounting_datum_v1_6,no,,811.756121,5.0,ok,
input_box_2_demo_tube_04_red75,left_slider_binding_assembly_v1_6,no,,95.469419,5.0,ok,
input_box_2_demo_tube_04_red75,right_slider_binding_assembly_v1_6,no,,716.051960,5.0,ok,
input_box_2_demo_tube_05_purple75,left_original_y_slider_mounting_datum_v1_6,no,,216.843261,5.0,ok,
input_box_2_demo_tube_05_purple75,right_original_y_slider_mounting_datum_v1_6,no,,753.660401,5.0,ok,
input_box_2_demo_tube_05_purple75,left_slider_binding_assembly_v1_6,no,,101.469256,5.0,ok,
input_box_2_demo_tube_05_purple75,right_slider_binding_assembly_v1_6,no,,657.212302,5.0,ok,
input_box_3_demo_tube_01_purple75,left_original_y_slider_mounting_datum_v1_6,no,,99.080775,5.0,ok,
input_box_3_demo_tube_01_purple75,right_original_y_slider_mounting_datum_v1_6,no,,864.009259,5.0,ok,
input_box_3_demo_tube_01_purple75,left_slider_binding_assembly_v1_6,no,,18.900000,5.0,ok,
input_box_3_demo_tube_01_purple75,right_slider_binding_assembly_v1_6,no,,766.233130,5.0,ok,
input_box_3_demo_tube_02_yellow100,left_original_y_slider_mounting_datum_v1_6,no,,183.043711,5.0,ok,
input_box_3_demo_tube_02_yellow100,right_original_y_slider_mounting_datum_v1_6,no,,780.010256,5.0,ok,
input_box_3_demo_tube_02_yellow100,left_slider_binding_assembly_v1_6,no,,53.452876,5.0,ok,
input_box_3_demo_tube_02_yellow100,right_slider_binding_assembly_v1_6,no,,682.261834,5.0,ok,
input_box_3_demo_tube_03_blue75,left_original_y_slider_mounting_datum_v1_6,no,,239.000000,5.0,ok,
input_box_3_demo_tube_03_blue75,right_original_y_slider_mounting_datum_v1_6,no,,724.000000,5.0,ok,
input_box_3_demo_tube_03_blue75,left_slider_binding_assembly_v1_6,no,,106.000000,5.0,ok,
input_box_3_demo_tube_03_blue75,right_slider_binding_assembly_v1_6,no,,626.000000,5.0,ok,
input_box_3_demo_tube_04_red75,left_original_y_slider_mounting_datum_v1_6,no,,155.000000,5.0,ok,
input_box_3_demo_tube_04_red75,right_original_y_slider_mounting_datum_v1_6,no,,808.000000,5.0,ok,
input_box_3_demo_tube_04_red75,left_slider_binding_assembly_v1_6,no,,22.000000,5.0,ok,
input_box_3_demo_tube_04_red75,right_slider_binding_assembly_v1_6,no,,710.000000,5.0,ok,
input_box_3_demo_tube_05_purple75,left_original_y_slider_mounting_datum_v1_6,no,,211.000000,5.0,ok,
input_box_3_demo_tube_05_purple75,right_original_y_slider_mounting_datum_v1_6,no,,752.000000,5.0,ok,
input_box_3_demo_tube_05_purple75,left_slider_binding_assembly_v1_6,no,,78.000000,5.0,ok,
input_box_3_demo_tube_05_purple75,right_slider_binding_assembly_v1_6,no,,654.000000,5.0,ok,
input_box_4_demo_tube_01_purple75,left_original_y_slider_mounting_datum_v1_6,no,,101.000000,5.0,ok,
input_box_4_demo_tube_01_purple75,right_original_y_slider_mounting_datum_v1_6,no,,864.231450,5.0,ok,
input_box_4_demo_tube_01_purple75,left_slider_binding_assembly_v1_6,no,,34.900000,5.0,ok,
input_box_4_demo_tube_01_purple75,right_slider_binding_assembly_v1_6,no,,766.794634,5.0,ok,
input_box_4_demo_tube_02_yellow100,left_original_y_slider_mounting_datum_v1_6,no,,184.089652,5.0,ok,
input_box_4_demo_tube_02_yellow100,right_original_y_slider_mounting_datum_v1_6,no,,780.256368,5.0,ok,
input_box_4_demo_tube_02_yellow100,left_slider_binding_assembly_v1_6,no,,60.975487,5.0,ok,
input_box_4_demo_tube_02_yellow100,right_slider_binding_assembly_v1_6,no,,682.892385,5.0,ok,
input_box_4_demo_tube_03_blue75,left_original_y_slider_mounting_datum_v1_6,no,,243.772435,5.0,ok,
input_box_4_demo_tube_03_blue75,right_original_y_slider_mounting_datum_v1_6,no,,725.589416,5.0,ok,
input_box_4_demo_tube_03_blue75,left_slider_binding_assembly_v1_6,no,,123.257495,5.0,ok,
input_box_4_demo_tube_03_blue75,right_slider_binding_assembly_v1_6,no,,629.152136,5.0,ok,
input_box_4_demo_tube_04_red75,left_original_y_slider_mounting_datum_v1_6,no,,172.629661,5.0,ok,
input_box_4_demo_tube_04_red75,right_original_y_slider_mounting_datum_v1_6,no,,811.566387,5.0,ok,
input_box_4_demo_tube_04_red75,left_slider_binding_assembly_v1_6,no,,93.524382,5.0,ok,
input_box_4_demo_tube_04_red75,right_slider_binding_assembly_v1_6,no,,715.795229,5.0,ok,
input_box_4_demo_tube_05_purple75,left_original_y_slider_mounting_datum_v1_6,no,,235.238177,5.0,ok,
input_box_4_demo_tube_05_purple75,right_original_y_slider_mounting_datum_v1_6,no,,759.157428,5.0,ok,
input_box_4_demo_tube_05_purple75,left_slider_binding_assembly_v1_6,no,,142.201301,5.0,ok,
input_box_4_demo_tube_05_purple75,right_slider_binding_assembly_v1_6,no,,664.720400,5.0,ok,
scan_station_demo_tube_yellow100,left_original_y_slider_mounting_datum_v1_6,no,,359.000000,5.0,ok,
scan_station_demo_tube_yellow100,right_original_y_slider_mounting_datum_v1_6,no,,604.000000,5.0,ok,
scan_station_demo_tube_yellow100,left_slider_binding_assembly_v1_6,no,,226.313080,5.0,ok,
scan_station_demo_tube_yellow100,right_slider_binding_assembly_v1_6,no,,506.139911,5.0,ok,
category_A_classified_tube_01_purple75,left_original_y_slider_mounting_datum_v1_6,no,,607.554113,5.0,ok,
category_A_classified_tube_01_purple75,right_original_y_slider_mounting_datum_v1_6,no,,402.587879,5.0,ok,
category_A_classified_tube_01_purple75,left_slider_binding_assembly_v1_6,no,,484.560842,5.0,ok,
category_A_classified_tube_01_purple75,right_slider_binding_assembly_v1_6,no,,320.997212,5.0,ok,
category_A_classified_tube_02_purple75,left_original_y_slider_mounting_datum_v1_6,no,,656.251476,5.0,ok,
category_A_classified_tube_02_purple75,right_original_y_slider_mounting_datum_v1_6,no,,340.242561,5.0,ok,
category_A_classified_tube_02_purple75,left_slider_binding_assembly_v1_6,no,,529.728997,5.0,ok,
category_A_classified_tube_02_purple75,right_slider_binding_assembly_v1_6,no,,258.590042,5.0,ok,
category_A_classified_tube_03_purple75,left_original_y_slider_mounting_datum_v1_6,no,,707.142136,5.0,ok,
category_A_classified_tube_03_purple75,right_original_y_slider_mounting_datum_v1_6,no,,278.016187,5.0,ok,
category_A_classified_tube_03_purple75,left_slider_binding_assembly_v1_6,no,,578.157773,5.0,ok,
category_A_classified_tube_03_purple75,right_slider_binding_assembly_v1_6,no,,196.312022,5.0,ok,
category_B_classified_tube_01_yellow100,left_original_y_slider_mounting_datum_v1_6,no,,812.774261,5.0,ok,
category_B_classified_tube_01_yellow100,right_original_y_slider_mounting_datum_v1_6,no,,221.578429,5.0,ok,
category_B_classified_tube_01_yellow100,left_slider_binding_assembly_v1_6,no,,685.871132,5.0,ok,
category_B_classified_tube_01_yellow100,right_slider_binding_assembly_v1_6,no,,176.689587,5.0,ok,
category_B_classified_tube_02_yellow100,left_original_y_slider_mounting_datum_v1_6,no,,863.519542,5.0,ok,
category_B_classified_tube_02_yellow100,right_original_y_slider_mounting_datum_v1_6,no,,162.188162,5.0,ok,
category_B_classified_tube_02_yellow100,left_slider_binding_assembly_v1_6,no,,734.678712,5.0,ok,
category_B_classified_tube_02_yellow100,right_slider_binding_assembly_v1_6,no,,136.267421,5.0,ok,
category_B_classified_tube_03_yellow100,left_original_y_slider_mounting_datum_v1_6,no,,915.734678,5.0,ok,
category_B_classified_tube_03_yellow100,right_original_y_slider_mounting_datum_v1_6,no,,106.550458,5.0,ok,
category_B_classified_tube_03_yellow100,left_slider_binding_assembly_v1_6,no,,785.446631,5.0,ok,
category_B_classified_tube_03_yellow100,right_slider_binding_assembly_v1_6,no,,107.900000,5.0,ok,
category_C_classified_tube_01_blue75,left_original_y_slider_mounting_datum_v1_6,no,,589.000000,5.0,ok,
category_C_classified_tube_01_blue75,right_original_y_slider_mounting_datum_v1_6,no,,374.000000,5.0,ok,
category_C_classified_tube_01_blue75,left_slider_binding_assembly_v1_6,no,,456.000000,5.0,ok,
category_C_classified_tube_01_blue75,right_slider_binding_assembly_v1_6,no,,276.000000,5.0,ok,
category_C_classified_tube_02_blue75,left_original_y_slider_mounting_datum_v1_6,no,,645.000000,5.0,ok,
category_C_classified_tube_02_blue75,right_original_y_slider_mounting_datum_v1_6,no,,318.000000,5.0,ok,
category_C_classified_tube_02_blue75,left_slider_binding_assembly_v1_6,no,,512.000000,5.0,ok,
category_C_classified_tube_02_blue75,right_slider_binding_assembly_v1_6,no,,220.000000,5.0,ok,
category_C_classified_tube_03_blue75,left_original_y_slider_mounting_datum_v1_6,no,,701.086300,5.0,ok,
category_C_classified_tube_03_blue75,right_original_y_slider_mounting_datum_v1_6,no,,262.230814,5.0,ok,
category_C_classified_tube_03_blue75,left_slider_binding_assembly_v1_6,no,,568.590195,5.0,ok,
category_C_classified_tube_03_blue75,right_slider_binding_assembly_v1_6,no,,166.032557,5.0,ok,
category_D_classified_tube_01_red75,left_original_y_slider_mounting_datum_v1_6,no,,799.000000,5.0,ok,
category_D_classified_tube_01_red75,right_original_y_slider_mounting_datum_v1_6,no,,164.000000,5.0,ok,
category_D_classified_tube_01_red75,left_slider_binding_assembly_v1_6,no,,666.000000,5.0,ok,
category_D_classified_tube_01_red75,right_slider_binding_assembly_v1_6,no,,66.000000,5.0,ok,
category_D_classified_tube_02_red75,left_original_y_slider_mounting_datum_v1_6,no,,855.000000,5.0,ok,
category_D_classified_tube_02_red75,right_original_y_slider_mounting_datum_v1_6,no,,108.000000,5.0,ok,
category_D_classified_tube_02_red75,left_slider_binding_assembly_v1_6,no,,722.000000,5.0,ok,
category_D_classified_tube_02_red75,right_slider_binding_assembly_v1_6,no,,10.000000,5.0,ok,
category_D_classified_tube_03_red75,left_original_y_slider_mounting_datum_v1_6,no,,911.066408,5.0,ok,
category_D_classified_tube_03_red75,right_original_y_slider_mounting_datum_v1_6,no,,53.150729,5.0,ok,
category_D_classified_tube_03_red75,left_slider_binding_assembly_v1_6,no,,778.430992,5.0,ok,
category_D_classified_tube_03_red75,right_slider_binding_assembly_v1_6,no,,25.900000,5.0,ok,
enclosure_bottom_rear_rail,left_original_y_slider_mounting_datum_v1_6,no,,377.530131,5.0,ok,
enclosure_bottom_rear_rail,right_original_y_slider_mounting_datum_v1_6,no,,377.530131,5.0,ok,
enclosure_bottom_rear_rail,left_slider_binding_assembly_v1_6,no,,400.102449,5.0,ok,
enclosure_bottom_rear_rail,right_slider_binding_assembly_v1_6,no,,400.102449,5.0,ok,
enclosure_bottom_left_rail,left_original_y_slider_mounting_datum_v1_6,no,,27.586228,5.0,ok,
enclosure_bottom_left_rail,right_original_y_slider_mounting_datum_v1_6,no,,1054.189736,5.0,ok,
enclosure_bottom_left_rail,left_slider_binding_assembly_v1_6,no,,82.809178,5.0,ok,
enclosure_bottom_left_rail,right_slider_binding_assembly_v1_6,no,,959.391661,5.0,ok,
enclosure_bottom_right_rail,left_original_y_slider_mounting_datum_v1_6,no,,1089.183639,5.0,ok,
enclosure_bottom_right_rail,right_original_y_slider_mounting_datum_v1_6,no,,57.584720,5.0,ok,
enclosure_bottom_right_rail,left_slider_binding_assembly_v1_6,no,,959.391661,5.0,ok,
enclosure_bottom_right_rail,right_slider_binding_assembly_v1_6,no,,97.017318,5.0,ok,
enclosure_bottom_front_left_stub,left_original_y_slider_mounting_datum_v1_6,no,,397.503459,5.0,ok,
enclosure_bottom_front_left_stub,right_original_y_slider_mounting_datum_v1_6,no,,1022.434839,5.0,ok,
enclosure_bottom_front_left_stub,left_slider_binding_assembly_v1_6,no,,419.711770,5.0,ok,
enclosure_bottom_front_left_stub,right_slider_binding_assembly_v1_6,no,,942.599581,5.0,ok,
enclosure_bottom_front_center_stub,left_original_y_slider_mounting_datum_v1_6,no,,596.313047,5.0,ok,
enclosure_bottom_front_center_stub,right_original_y_slider_mounting_datum_v1_6,no,,592.595351,5.0,ok,
enclosure_bottom_front_center_stub,left_slider_binding_assembly_v1_6,no,,522.676018,5.0,ok,
enclosure_bottom_front_center_stub,right_slider_binding_assembly_v1_6,no,,541.091693,5.0,ok,
enclosure_bottom_front_right_stub,left_original_y_slider_mounting_datum_v1_6,no,,1054.769169,5.0,ok,
enclosure_bottom_front_right_stub,right_original_y_slider_mounting_datum_v1_6,no,,397.503459,5.0,ok,
enclosure_bottom_front_right_stub,left_slider_binding_assembly_v1_6,no,,942.599581,5.0,ok,
enclosure_bottom_front_right_stub,right_slider_binding_assembly_v1_6,no,,419.711770,5.0,ok,
enclosure_corner_post_front_left,left_original_y_slider_mounting_datum_v1_6,no,,397.454400,5.0,ok,
enclosure_corner_post_front_left,right_original_y_slider_mounting_datum_v1_6,no,,1126.288151,5.0,ok,
enclosure_corner_post_front_left,left_slider_binding_assembly_v1_6,no,,412.337980,5.0,ok,
enclosure_corner_post_front_left,right_slider_binding_assembly_v1_6,no,,1040.959946,5.0,ok,
enclosure_corner_post_front_right,left_original_y_slider_mounting_datum_v1_6,no,,1159.107415,5.0,ok,
enclosure_corner_post_front_right,right_original_y_slider_mounting_datum_v1_6,no,,400.655713,5.0,ok,
enclosure_corner_post_front_right,left_slider_binding_assembly_v1_6,no,,1040.959946,5.0,ok,
enclosure_corner_post_front_right,right_slider_binding_assembly_v1_6,no,,415.424614,5.0,ok,
enclosure_corner_post_rear_left,left_original_y_slider_mounting_datum_v1_6,no,,377.478476,5.0,ok,
enclosure_corner_post_rear_left,right_original_y_slider_mounting_datum_v1_6,no,,1119.394926,5.0,ok,
enclosure_corner_post_rear_left,left_slider_binding_assembly_v1_6,no,,392.360306,5.0,ok,
enclosure_corner_post_rear_left,right_slider_binding_assembly_v1_6,no,,1033.209374,5.0,ok,
enclosure_corner_post_rear_right,left_original_y_slider_mounting_datum_v1_6,no,,1152.410517,5.0,ok,
enclosure_corner_post_rear_right,right_original_y_slider_mounting_datum_v1_6,no,,380.847739,5.0,ok,
enclosure_corner_post_rear_right,left_slider_binding_assembly_v1_6,no,,1033.209374,5.0,ok,
enclosure_corner_post_rear_right,right_slider_binding_assembly_v1_6,no,,395.602844,5.0,ok,
enclosure_top_rear_crossbeam,left_original_y_slider_mounting_datum_v1_6,no,,488.214133,5.0,ok,
enclosure_top_rear_crossbeam,right_original_y_slider_mounting_datum_v1_6,no,,488.214133,5.0,ok,
enclosure_top_rear_crossbeam,left_slider_binding_assembly_v1_6,no,,428.669220,5.0,ok,
enclosure_top_rear_crossbeam,right_slider_binding_assembly_v1_6,no,,428.669220,5.0,ok,
enclosure_top_left_crossbeam,left_original_y_slider_mounting_datum_v1_6,no,,310.781338,5.0,ok,
enclosure_top_left_crossbeam,right_original_y_slider_mounting_datum_v1_6,no,,1098.699249,5.0,ok,
enclosure_top_left_crossbeam,left_slider_binding_assembly_v1_6,no,,174.736058,5.0,ok,
enclosure_top_left_crossbeam,right_slider_binding_assembly_v1_6,no,,971.652042,5.0,ok,
enclosure_top_right_crossbeam,left_original_y_slider_mounting_datum_v1_6,no,,1132.318436,5.0,ok,
enclosure_top_right_crossbeam,right_original_y_slider_mounting_datum_v1_6,no,,314.865114,5.0,ok,
enclosure_top_right_crossbeam,left_slider_binding_assembly_v1_6,no,,971.652042,5.0,ok,
enclosure_top_right_crossbeam,right_slider_binding_assembly_v1_6,no,,181.900220,5.0,ok,
enclosure_front_upper_left_beam,left_original_y_slider_mounting_datum_v1_6,no,,503.818459,5.0,ok,
enclosure_front_upper_left_beam,right_original_y_slider_mounting_datum_v1_6,no,,972.654636,5.0,ok,
enclosure_front_upper_left_beam,left_slider_binding_assembly_v1_6,no,,447.027180,5.0,ok,
enclosure_front_upper_left_beam,right_slider_binding_assembly_v1_6,no,,859.412183,5.0,ok,
enclosure_front_upper_center_beam,left_original_y_slider_mounting_datum_v1_6,no,,663.669376,5.0,ok,
enclosure_front_upper_center_beam,right_original_y_slider_mounting_datum_v1_6,no,,654.004618,5.0,ok,
enclosure_front_upper_center_beam,left_slider_binding_assembly_v1_6,no,,537.805076,5.0,ok,
enclosure_front_upper_center_beam,right_slider_binding_assembly_v1_6,no,,549.176019,5.0,ok,
enclosure_front_upper_right_beam,left_original_y_slider_mounting_datum_v1_6,no,,1002.757219,5.0,ok,
enclosure_front_upper_right_beam,right_original_y_slider_mounting_datum_v1_6,no,,503.818459,5.0,ok,
enclosure_front_upper_right_beam,left_slider_binding_assembly_v1_6,no,,859.412183,5.0,ok,
enclosure_front_upper_right_beam,right_slider_binding_assembly_v1_6,no,,447.027180,5.0,ok,
enclosure_rear_transparent_panel,left_original_y_slider_mounting_datum_v1_6,no,,375.500000,5.0,ok,
enclosure_rear_transparent_panel,right_original_y_slider_mounting_datum_v1_6,no,,375.500000,5.0,ok,
enclosure_rear_transparent_panel,left_slider_binding_assembly_v1_6,no,,390.400000,5.0,ok,
enclosure_rear_transparent_panel,right_slider_binding_assembly_v1_6,no,,390.400000,5.0,ok,
enclosure_left_transparent_panel,left_original_y_slider_mounting_datum_v1_6,no,,17.500000,5.0,ok,
enclosure_left_transparent_panel,right_original_y_slider_mounting_datum_v1_6,no,,1052.500000,5.0,ok,
enclosure_left_transparent_panel,left_slider_binding_assembly_v1_6,no,,17.500000,5.0,ok,
enclosure_left_transparent_panel,right_slider_binding_assembly_v1_6,no,,954.500000,5.0,ok,
enclosure_right_transparent_panel,left_original_y_slider_mounting_datum_v1_6,no,,1087.500000,5.0,ok,
enclosure_right_transparent_panel,right_original_y_slider_mounting_datum_v1_6,no,,52.500000,5.0,ok,
enclosure_right_transparent_panel,left_slider_binding_assembly_v1_6,no,,954.500000,5.0,ok,
enclosure_right_transparent_panel,right_slider_binding_assembly_v1_6,no,,52.500000,5.0,ok,
enclosure_front_left_low_panel,left_original_y_slider_mounting_datum_v1_6,no,,402.500000,5.0,ok,
enclosure_front_left_low_panel,right_original_y_slider_mounting_datum_v1_6,no,,1079.819545,5.0,ok,
enclosure_front_left_low_panel,left_slider_binding_assembly_v1_6,no,,417.488587,5.0,ok,
enclosure_front_left_low_panel,right_slider_binding_assembly_v1_6,no,,995.747317,5.0,ok,
enclosure_front_center_low_panel,left_original_y_slider_mounting_datum_v1_6,no,,618.794190,5.0,ok,
enclosure_front_center_low_panel,right_original_y_slider_mounting_datum_v1_6,no,,604.489247,5.0,ok,
enclosure_front_center_low_panel,left_slider_binding_assembly_v1_6,no,,536.531192,5.0,ok,
enclosure_front_center_low_panel,right_slider_binding_assembly_v1_6,no,,546.722709,5.0,ok,
enclosure_front_right_low_panel,left_original_y_slider_mounting_datum_v1_6,no,,1112.373701,5.0,ok,
enclosure_front_right_low_panel,right_original_y_slider_mounting_datum_v1_6,no,,402.504969,5.0,ok,
enclosure_front_right_low_panel,left_slider_binding_assembly_v1_6,no,,995.747317,5.0,ok,
enclosure_front_right_low_panel,right_slider_binding_assembly_v1_6,no,,417.493377,5.0,ok,
enclosure_input_box_replace_opening_left_jamb,left_original_y_slider_mounting_datum_v1_6,no,,404.000000,5.0,ok,
enclosure_input_box_replace_opening_left_jamb,right_original_y_slider_mounting_datum_v1_6,no,,1057.234600,5.0,ok,
enclosure_input_box_replace_opening_left_jamb,left_slider_binding_assembly_v1_6,no,,418.900000,5.0,ok,
enclosure_input_box_replace_opening_left_jamb,right_slider_binding_assembly_v1_6,no,,973.713618,5.0,ok,
enclosure_input_box_replace_opening_right_jamb,left_original_y_slider_mounting_datum_v1_6,no,,535.835796,5.0,ok,
enclosure_input_box_replace_opening_right_jamb,right_original_y_slider_mounting_datum_v1_6,no,,737.499153,5.0,ok,
enclosure_input_box_replace_opening_right_jamb,left_slider_binding_assembly_v1_6,no,,472.692511,5.0,ok,
enclosure_input_box_replace_opening_right_jamb,right_slider_binding_assembly_v1_6,no,,666.961925,5.0,ok,
enclosure_input_box_replace_opening_top_rail,left_original_y_slider_mounting_datum_v1_6,no,,438.000731,5.0,ok,
enclosure_input_box_replace_opening_top_rail,right_original_y_slider_mounting_datum_v1_6,no,,756.659527,5.0,ok,
enclosure_input_box_replace_opening_top_rail,left_slider_binding_assembly_v1_6,no,,420.174369,5.0,ok,
enclosure_input_box_replace_opening_top_rail,right_slider_binding_assembly_v1_6,no,,667.763057,5.0,ok,
enclosure_input_box_replace_opening_bottom_sill,left_original_y_slider_mounting_datum_v1_6,no,,404.357515,5.0,ok,
enclosure_input_box_replace_opening_bottom_sill,right_original_y_slider_mounting_datum_v1_6,no,,737.695059,5.0,ok,
enclosure_input_box_replace_opening_bottom_sill,left_slider_binding_assembly_v1_6,no,,426.026959,5.0,ok,
enclosure_input_box_replace_opening_bottom_sill,right_slider_binding_assembly_v1_6,no,,671.461071,5.0,ok,
enclosure_output_box_replace_opening_left_jamb,left_original_y_slider_mounting_datum_v1_6,no,,700.285656,5.0,ok,
enclosure_output_box_replace_opening_left_jamb,right_original_y_slider_mounting_datum_v1_6,no,,566.414159,5.0,ok,
enclosure_output_box_replace_opening_left_jamb,left_slider_binding_assembly_v1_6,no,,606.793383,5.0,ok,
enclosure_output_box_replace_opening_left_jamb,right_slider_binding_assembly_v1_6,no,,514.663201,5.0,ok,
enclosure_output_box_replace_opening_right_jamb,left_original_y_slider_mounting_datum_v1_6,no,,1071.111572,5.0,ok,
enclosure_output_box_replace_opening_right_jamb,right_original_y_slider_mounting_datum_v1_6,no,,404.000000,5.0,ok,
enclosure_output_box_replace_opening_right_jamb,left_slider_binding_assembly_v1_6,no,,955.697761,5.0,ok,
enclosure_output_box_replace_opening_right_jamb,right_slider_binding_assembly_v1_6,no,,418.900000,5.0,ok,
enclosure_output_box_replace_opening_top_rail,left_original_y_slider_mounting_datum_v1_6,no,,720.436423,5.0,ok,
enclosure_output_box_replace_opening_top_rail,right_original_y_slider_mounting_datum_v1_6,no,,438.000731,5.0,ok,
enclosure_output_box_replace_opening_top_rail,left_slider_binding_assembly_v1_6,no,,607.673843,5.0,ok,
enclosure_output_box_replace_opening_top_rail,right_slider_binding_assembly_v1_6,no,,420.174369,5.0,ok,
enclosure_output_box_replace_opening_bottom_sill,left_original_y_slider_mounting_datum_v1_6,no,,700.491970,5.0,ok,
enclosure_output_box_replace_opening_bottom_sill,right_original_y_slider_mounting_datum_v1_6,no,,404.357515,5.0,ok,
enclosure_output_box_replace_opening_bottom_sill,left_slider_binding_assembly_v1_6,no,,611.735212,5.0,ok,
enclosure_output_box_replace_opening_bottom_sill,right_slider_binding_assembly_v1_6,no,,426.026959,5.0,ok,
enclosure_input_door_simple_pull_handle,left_original_y_slider_mounting_datum_v1_6,no,,545.477442,5.0,ok,
enclosure_input_door_simple_pull_handle,right_original_y_slider_mounting_datum_v1_6,no,,744.533841,5.0,ok,
enclosure_input_door_simple_pull_handle,left_slider_binding_assembly_v1_6,no,,483.358883,5.0,ok,
enclosure_input_door_simple_pull_handle,right_slider_binding_assembly_v1_6,no,,674.563422,5.0,ok,
enclosure_output_door_simple_pull_handle,left_original_y_slider_mounting_datum_v1_6,no,,1075.967304,5.0,ok,
enclosure_output_door_simple_pull_handle,right_original_y_slider_mounting_datum_v1_6,no,,416.703300,5.0,ok,
enclosure_output_door_simple_pull_handle,left_slider_binding_assembly_v1_6,no,,961.018111,5.0,ok,
enclosure_output_door_simple_pull_handle,right_slider_binding_assembly_v1_6,no,,430.900000,5.0,ok,
enclosure_manual_review_access_opening_left_jamb,left_original_y_slider_mounting_datum_v1_6,no,,468.479455,5.0,ok,
enclosure_manual_review_access_opening_left_jamb,right_original_y_slider_mounting_datum_v1_6,no,,841.913297,5.0,ok,
enclosure_manual_review_access_opening_left_jamb,left_slider_binding_assembly_v1_6,no,,433.359677,5.0,ok,
enclosure_manual_review_access_opening_left_jamb,right_slider_binding_assembly_v1_6,no,,765.715750,5.0,ok,
enclosure_manual_review_access_opening_right_jamb,left_original_y_slider_mounting_datum_v1_6,no,,579.131246,5.0,ok,
enclosure_manual_review_access_opening_right_jamb,right_original_y_slider_mounting_datum_v1_6,no,,689.853608,5.0,ok,
enclosure_manual_review_access_opening_right_jamb,left_slider_binding_assembly_v1_6,no,,505.806890,5.0,ok,
enclosure_manual_review_access_opening_right_jamb,right_slider_binding_assembly_v1_6,no,,623.442547,5.0,ok,
enclosure_manual_review_access_opening_top_rail,left_original_y_slider_mounting_datum_v1_6,no,,471.268968,5.0,ok,
enclosure_manual_review_access_opening_top_rail,right_original_y_slider_mounting_datum_v1_6,no,,691.750996,5.0,ok,
enclosure_manual_review_access_opening_top_rail,left_slider_binding_assembly_v1_6,no,,433.359677,5.0,ok,
enclosure_manual_review_access_opening_top_rail,right_slider_binding_assembly_v1_6,no,,623.442547,5.0,ok,
enclosure_manual_review_access_opening_bottom_sill,left_original_y_slider_mounting_datum_v1_6,no,,469.146033,5.0,ok,
enclosure_manual_review_access_opening_bottom_sill,right_original_y_slider_mounting_datum_v1_6,no,,690.306454,5.0,ok,
enclosure_manual_review_access_opening_bottom_sill,left_slider_binding_assembly_v1_6,no,,441.732917,5.0,ok,
enclosure_manual_review_access_opening_bottom_sill,right_slider_binding_assembly_v1_6,no,,629.291641,5.0,ok,
enclosure_manual_review_access_simple_pull_handle,left_original_y_slider_mounting_datum_v1_6,no,,587.626582,5.0,ok,
enclosure_manual_review_access_simple_pull_handle,right_original_y_slider_mounting_datum_v1_6,no,,697.000717,5.0,ok,
enclosure_manual_review_access_simple_pull_handle,left_slider_binding_assembly_v1_6,no,,515.858711,5.0,ok,
enclosure_manual_review_access_simple_pull_handle,right_slider_binding_assembly_v1_6,no,,631.625055,5.0,ok,
enclosure_top_open_front_rectangular_rail,left_original_y_slider_mounting_datum_v1_6,no,,503.818459,5.0,ok,
enclosure_top_open_front_rectangular_rail,right_original_y_slider_mounting_datum_v1_6,no,,503.818459,5.0,ok,
enclosure_top_open_front_rectangular_rail,left_slider_binding_assembly_v1_6,no,,447.027180,5.0,ok,
enclosure_top_open_front_rectangular_rail,right_slider_binding_assembly_v1_6,no,,447.027180,5.0,ok,
enclosure_top_open_rear_rectangular_rail,left_original_y_slider_mounting_datum_v1_6,no,,488.214133,5.0,ok,
enclosure_top_open_rear_rectangular_rail,right_original_y_slider_mounting_datum_v1_6,no,,488.214133,5.0,ok,
enclosure_top_open_rear_rectangular_rail,left_slider_binding_assembly_v1_6,no,,428.669220,5.0,ok,
enclosure_top_open_rear_rectangular_rail,right_slider_binding_assembly_v1_6,no,,428.669220,5.0,ok,
enclosure_top_open_left_rectangular_rail,left_original_y_slider_mounting_datum_v1_6,no,,310.781338,5.0,ok,
enclosure_top_open_left_rectangular_rail,right_original_y_slider_mounting_datum_v1_6,no,,1098.699249,5.0,ok,
enclosure_top_open_left_rectangular_rail,left_slider_binding_assembly_v1_6,no,,174.736058,5.0,ok,
enclosure_top_open_left_rectangular_rail,right_slider_binding_assembly_v1_6,no,,971.652042,5.0,ok,
enclosure_top_open_right_rectangular_rail,left_original_y_slider_mounting_datum_v1_6,no,,1132.318436,5.0,ok,
enclosure_top_open_right_rectangular_rail,right_original_y_slider_mounting_datum_v1_6,no,,314.865114,5.0,ok,
enclosure_top_open_right_rectangular_rail,left_slider_binding_assembly_v1_6,no,,971.652042,5.0,ok,
enclosure_top_open_right_rectangular_rail,right_slider_binding_assembly_v1_6,no,,181.900220,5.0,ok,
closed_control_box_housing,left_original_y_slider_mounting_datum_v1_6,no,,946.813208,5.0,ok,
closed_control_box_housing,right_original_y_slider_mounting_datum_v1_6,no,,402.500000,5.0,ok,
closed_control_box_housing,left_slider_binding_assembly_v1_6,no,,835.702555,5.0,ok,
closed_control_box_housing,right_slider_binding_assembly_v1_6,no,,417.400000,5.0,ok,
closed_control_box_cable_glands,left_original_y_slider_mounting_datum_v1_6,no,,1037.913412,5.0,ok,
closed_control_box_cable_glands,right_original_y_slider_mounting_datum_v1_6,no,,495.500000,5.0,ok,
closed_control_box_cable_glands,left_slider_binding_assembly_v1_6,no,,931.446467,5.0,ok,
closed_control_box_cable_glands,right_slider_binding_assembly_v1_6,no,,510.638346,5.0,ok,
closed_control_box_ventilation,left_original_y_slider_mounting_datum_v1_6,no,,1020.346142,5.0,ok,
closed_control_box_ventilation,right_original_y_slider_mounting_datum_v1_6,no,,449.500000,5.0,ok,
closed_control_box_ventilation,left_slider_binding_assembly_v1_6,no,,910.360566,5.0,ok,
closed_control_box_ventilation,right_slider_binding_assembly_v1_6,no,,464.400000,5.0,ok,
closed_control_box_mounting_brackets,left_original_y_slider_mounting_datum_v1_6,no,,936.117648,5.0,ok,
closed_control_box_mounting_brackets,right_original_y_slider_mounting_datum_v1_6,no,,396.500000,5.0,ok,
closed_control_box_mounting_brackets,left_slider_binding_assembly_v1_6,no,,824.909062,5.0,ok,
closed_control_box_mounting_brackets,right_slider_binding_assembly_v1_6,no,,411.400000,5.0,ok,
y_axis_base_mounting_blocks,left_original_y_slider_mounting_datum_v1_6,no,,18.000000,5.0,ok,
y_axis_base_mounting_blocks,right_original_y_slider_mounting_datum_v1_6,no,,18.000000,5.0,ok,
y_axis_base_mounting_blocks,left_slider_binding_assembly_v1_6,no,,78.600000,5.0,ok,
y_axis_base_mounting_blocks,right_slider_binding_assembly_v1_6,no,,78.600000,5.0,ok,
xz_adapter_plate_engineered,left_original_y_slider_mounting_datum_v1_6,no,,451.445722,5.0,ok,
xz_adapter_plate_engineered,right_original_y_slider_mounting_datum_v1_6,no,,416.819193,5.0,ok,
xz_adapter_plate_engineered,left_slider_binding_assembly_v1_6,no,,314.000000,5.0,ok,
xz_adapter_plate_engineered,right_slider_binding_assembly_v1_6,no,,314.000000,5.0,ok,
cable_chain_mounting_tabs,left_original_y_slider_mounting_datum_v1_6,no,,549.375682,5.0,ok,
cable_chain_mounting_tabs,right_original_y_slider_mounting_datum_v1_6,no,,142.002254,5.0,ok,
cable_chain_mounting_tabs,left_slider_binding_assembly_v1_6,no,,412.234411,5.0,ok,
cable_chain_mounting_tabs,right_slider_binding_assembly_v1_6,no,,29.482368,5.0,ok,
rear_fixed_cable_tray,left_original_y_slider_mounting_datum_v1_6,no,,498.058872,5.0,ok,
rear_fixed_cable_tray,right_original_y_slider_mounting_datum_v1_6,no,,510.112380,5.0,ok,
rear_fixed_cable_tray,left_slider_binding_assembly_v1_6,no,,467.586249,5.0,ok,
rear_fixed_cable_tray,right_slider_binding_assembly_v1_6,no,,468.612740,5.0,ok,
control_box_cable_gland_stubs,left_original_y_slider_mounting_datum_v1_6,no,,966.758360,5.0,ok,
control_box_cable_gland_stubs,right_original_y_slider_mounting_datum_v1_6,no,,469.378380,5.0,ok,
control_box_cable_gland_stubs,left_slider_binding_assembly_v1_6,no,,860.822714,5.0,ok,
control_box_cable_gland_stubs,right_slider_binding_assembly_v1_6,no,,483.565149,5.0,ok,
main_cable_chain_links,left_original_y_slider_mounting_datum_v1_6,no,,635.605060,5.0,ok,
main_cable_chain_links,right_original_y_slider_mounting_datum_v1_6,no,,308.766894,5.0,ok,
main_cable_chain_links,left_slider_binding_assembly_v1_6,no,,482.757527,5.0,ok,
main_cable_chain_links,right_slider_binding_assembly_v1_6,no,,199.316915,5.0,ok,
cable_chain_fixed_anchor,left_original_y_slider_mounting_datum_v1_6,no,,866.453830,5.0,ok,
cable_chain_fixed_anchor,right_original_y_slider_mounting_datum_v1_6,no,,359.259294,5.0,ok,
cable_chain_fixed_anchor,left_slider_binding_assembly_v1_6,no,,743.671574,5.0,ok,
cable_chain_fixed_anchor,right_slider_binding_assembly_v1_6,no,,333.837401,5.0,ok,
cable_chain_moving_anchor,left_original_y_slider_mounting_datum_v1_6,no,,614.913522,5.0,ok,
cable_chain_moving_anchor,right_original_y_slider_mounting_datum_v1_6,no,,417.408241,5.0,ok,
cable_chain_moving_anchor,left_slider_binding_assembly_v1_6,no,,473.502376,5.0,ok,
cable_chain_moving_anchor,right_slider_binding_assembly_v1_6,no,,308.876189,5.0,ok,
moving_flexible_hose_bundle,left_original_y_slider_mounting_datum_v1_6,no,,601.511097,5.0,ok,
moving_flexible_hose_bundle,right_original_y_slider_mounting_datum_v1_6,no,,430.980826,5.0,ok,
moving_flexible_hose_bundle,left_slider_binding_assembly_v1_6,no,,439.714294,5.0,ok,
moving_flexible_hose_bundle,right_slider_binding_assembly_v1_6,no,,292.216527,5.0,ok,
cable_clamps,left_original_y_slider_mounting_datum_v1_6,no,,590.769701,5.0,ok,
cable_clamps,right_original_y_slider_mounting_datum_v1_6,no,,234.106472,5.0,ok,
cable_clamps,left_slider_binding_assembly_v1_6,no,,433.056925,5.0,ok,
cable_clamps,right_slider_binding_assembly_v1_6,no,,89.455576,5.0,ok,
cable_chain_mounting_tabs_usage,left_original_y_slider_mounting_datum_v1_6,no,,554.883087,5.0,ok,
cable_chain_mounting_tabs_usage,right_original_y_slider_mounting_datum_v1_6,no,,159.145342,5.0,ok,
cable_chain_mounting_tabs_usage,left_slider_binding_assembly_v1_6,no,,414.170991,5.0,ok,
cable_chain_mounting_tabs_usage,right_slider_binding_assembly_v1_6,no,,33.205572,5.0,ok,
z_gripper_adapter_plate_v1,left_original_y_slider_mounting_datum_v1_6,no,,470.028765,5.0,ok,
z_gripper_adapter_plate_v1,right_original_y_slider_mounting_datum_v1_6,no,,435.031079,5.0,ok,
z_gripper_adapter_plate_v1,left_slider_binding_assembly_v1_6,no,,337.000000,5.0,ok,
z_gripper_adapter_plate_v1,right_slider_binding_assembly_v1_6,no,,337.000000,5.0,ok,
electric_parallel_gripper_body_v1,left_original_y_slider_mounting_datum_v1_6,no,,479.000000,5.0,ok,
electric_parallel_gripper_body_v1,right_original_y_slider_mounting_datum_v1_6,no,,444.000000,5.0,ok,
electric_parallel_gripper_body_v1,left_slider_binding_assembly_v1_6,no,,346.000000,5.0,ok,
electric_parallel_gripper_body_v1,right_slider_binding_assembly_v1_6,no,,346.000000,5.0,ok,
two_finger_gripper_jaws_v1,left_original_y_slider_mounting_datum_v1_6,no,,482.000000,5.0,ok,
two_finger_gripper_jaws_v1,right_original_y_slider_mounting_datum_v1_6,no,,447.000000,5.0,ok,
two_finger_gripper_jaws_v1,left_slider_binding_assembly_v1_6,no,,349.030314,5.0,ok,
two_finger_gripper_jaws_v1,right_slider_binding_assembly_v1_6,no,,349.030314,5.0,ok,
soft_tube_contact_pads_v1,left_original_y_slider_mounting_datum_v1_6,no,,495.400000,5.0,ok,
soft_tube_contact_pads_v1,right_original_y_slider_mounting_datum_v1_6,no,,460.400000,5.0,ok,
soft_tube_contact_pads_v1,left_slider_binding_assembly_v1_6,no,,362.929635,5.0,ok,
soft_tube_contact_pads_v1,right_slider_binding_assembly_v1_6,no,,362.929635,5.0,ok,
gripper_cable_strain_relief_v1,left_original_y_slider_mounting_datum_v1_6,no,,515.616175,5.0,ok,
gripper_cable_strain_relief_v1,right_original_y_slider_mounting_datum_v1_6,no,,434.889045,5.0,ok,
gripper_cable_strain_relief_v1,left_slider_binding_assembly_v1_6,no,,382.000000,5.0,ok,
gripper_cable_strain_relief_v1,right_slider_binding_assembly_v1_6,no,,336.158314,5.0,ok,
left_original_y_slider_mounting_datum_v1_6,right_original_y_slider_mounting_datum_v1_6,no,,979.000000,5.0,ok,
left_original_y_slider_mounting_datum_v1_6,left_slider_binding_assembly_v1_6,yes,,,5.0,allowed_mount_contact,expected datum or X beam support contact
left_original_y_slider_mounting_datum_v1_6,right_slider_binding_assembly_v1_6,no,,881.000000,5.0,ok,
right_original_y_slider_mounting_datum_v1_6,left_slider_binding_assembly_v1_6,no,,846.000000,5.0,ok,
right_original_y_slider_mounting_datum_v1_6,right_slider_binding_assembly_v1_6,yes,,,5.0,allowed_mount_contact,expected datum or X beam support contact
left_slider_binding_assembly_v1_6,right_slider_binding_assembly_v1_6,no,,748.000000,5.0,ok,
