trajectory_id,sample_id,step_order,state,x_mm,y_mm,z_mm,within_x_range,within_y_range,within_z_range,check_status,notes
traj_001,TUBE-001,1,MOVE_SAFE_ABOVE_INPUT,-230.000,342.000,180.000,yes,yes,yes,ok,within Stage 6A workspace
traj_001,TUBE-001,2,APPROACH_INPUT_SLOT,-230.000,342.000,120.000,yes,yes,yes,ok,within Stage 6A workspace
traj_001,TUBE-001,3,PICK_TUBE,-230.000,342.000,55.000,yes,yes,yes,ok,within Stage 6A workspace
traj_001,TUBE-001,4,LIFT_TO_SAFE_Z,-230.000,342.000,180.000,yes,yes,yes,ok,within Stage 6A workspace
traj_001,TUBE-001,5,MOVE_SAFE_ABOVE_SCAN,-92.000,170.000,180.000,yes,yes,yes,ok,within Stage 6A workspace
traj_001,TUBE-001,6,APPROACH_SCAN_STATION,-92.000,170.000,75.000,yes,yes,yes,ok,within Stage 6A workspace
traj_001,TUBE-001,7,SCAN_BARCODE,-92.000,170.000,75.000,yes,yes,yes,ok,within Stage 6A workspace
traj_001,TUBE-001,8,LIFT_TO_SAFE_Z_AFTER_SCAN,-92.000,170.000,180.000,yes,yes,yes,ok,within Stage 6A workspace
traj_001,TUBE-001,9,MOVE_SAFE_ABOVE_TARGET,62.000,-316.000,180.000,yes,yes,yes,ok,within Stage 6A workspace
traj_001,TUBE-001,10,APPROACH_TARGET_SLOT,62.000,-316.000,120.000,yes,yes,yes,ok,within Stage 6A workspace
traj_001,TUBE-001,11,PLACE_TUBE,62.000,-316.000,45.000,yes,yes,yes,ok,within Stage 6A workspace
traj_001,TUBE-001,12,RETREAT_TO_SAFE_Z,62.000,-316.000,180.000,yes,yes,yes,ok,within Stage 6A workspace
traj_002,TUBE-002,1,MOVE_SAFE_ABOVE_INPUT,-202.000,342.000,180.000,yes,yes,yes,ok,within Stage 6A workspace
traj_002,TUBE-002,2,APPROACH_INPUT_SLOT,-202.000,342.000,120.000,yes,yes,yes,ok,within Stage 6A workspace
traj_002,TUBE-002,3,PICK_TUBE,-202.000,342.000,55.000,yes,yes,yes,ok,within Stage 6A workspace
traj_002,TUBE-002,4,LIFT_TO_SAFE_Z,-202.000,342.000,180.000,yes,yes,yes,ok,within Stage 6A workspace
traj_002,TUBE-002,5,MOVE_SAFE_ABOVE_SCAN,-92.000,170.000,180.000,yes,yes,yes,ok,within Stage 6A workspace
traj_002,TUBE-002,6,APPROACH_SCAN_STATION,-92.000,170.000,75.000,yes,yes,yes,ok,within Stage 6A workspace
traj_002,TUBE-002,7,SCAN_BARCODE,-92.000,170.000,75.000,yes,yes,yes,ok,within Stage 6A workspace
traj_002,TUBE-002,8,LIFT_TO_SAFE_Z_AFTER_SCAN,-92.000,170.000,180.000,yes,yes,yes,ok,within Stage 6A workspace
traj_002,TUBE-002,9,MOVE_SAFE_ABOVE_TARGET,62.000,-146.000,180.000,yes,yes,yes,ok,within Stage 6A workspace
traj_002,TUBE-002,10,APPROACH_TARGET_SLOT,62.000,-146.000,120.000,yes,yes,yes,ok,within Stage 6A workspace
traj_002,TUBE-002,11,PLACE_TUBE,62.000,-146.000,45.000,yes,yes,yes,ok,within Stage 6A workspace
traj_002,TUBE-002,12,RETREAT_TO_SAFE_Z,62.000,-146.000,180.000,yes,yes,yes,ok,within Stage 6A workspace
traj_003,TUBE-003,1,MOVE_SAFE_ABOVE_INPUT,-174.000,342.000,180.000,yes,yes,yes,ok,within Stage 6A workspace
traj_003,TUBE-003,2,APPROACH_INPUT_SLOT,-174.000,342.000,120.000,yes,yes,yes,ok,within Stage 6A workspace
traj_003,TUBE-003,3,PICK_TUBE,-174.000,342.000,80.000,yes,yes,yes,ok,within Stage 6A workspace
traj_003,TUBE-003,4,LIFT_TO_SAFE_Z,-174.000,342.000,180.000,yes,yes,yes,ok,within Stage 6A workspace
traj_003,TUBE-003,5,MOVE_SAFE_ABOVE_SCAN,-92.000,170.000,180.000,yes,yes,yes,ok,within Stage 6A workspace
traj_003,TUBE-003,6,APPROACH_SCAN_STATION,-92.000,170.000,75.000,yes,yes,yes,ok,within Stage 6A workspace
traj_003,TUBE-003,7,SCAN_BARCODE,-92.000,170.000,75.000,yes,yes,yes,ok,within Stage 6A workspace
traj_003,TUBE-003,8,LIFT_TO_SAFE_Z_AFTER_SCAN,-92.000,170.000,180.000,yes,yes,yes,ok,within Stage 6A workspace
traj_003,TUBE-003,9,MOVE_SAFE_ABOVE_TARGET,-233.000,-316.000,180.000,yes,yes,yes,ok,within Stage 6A workspace
traj_003,TUBE-003,10,APPROACH_TARGET_SLOT,-233.000,-316.000,120.000,yes,yes,yes,ok,within Stage 6A workspace
traj_003,TUBE-003,11,PLACE_TUBE,-233.000,-316.000,70.000,yes,yes,yes,ok,within Stage 6A workspace
traj_003,TUBE-003,12,RETREAT_TO_SAFE_Z,-233.000,-316.000,180.000,yes,yes,yes,ok,within Stage 6A workspace
traj_004,TUBE-004,1,MOVE_SAFE_ABOVE_INPUT,-146.000,342.000,180.000,yes,yes,yes,ok,within Stage 6A workspace
traj_004,TUBE-004,2,APPROACH_INPUT_SLOT,-146.000,342.000,120.000,yes,yes,yes,ok,within Stage 6A workspace
traj_004,TUBE-004,3,PICK_TUBE,-146.000,342.000,80.000,yes,yes,yes,ok,within Stage 6A workspace
traj_004,TUBE-004,4,LIFT_TO_SAFE_Z,-146.000,342.000,180.000,yes,yes,yes,ok,within Stage 6A workspace
traj_004,TUBE-004,5,MOVE_SAFE_ABOVE_SCAN,-92.000,170.000,180.000,yes,yes,yes,ok,within Stage 6A workspace
traj_004,TUBE-004,6,APPROACH_SCAN_STATION,-92.000,170.000,75.000,yes,yes,yes,ok,within Stage 6A workspace
traj_004,TUBE-004,7,SCAN_BARCODE,-92.000,170.000,75.000,yes,yes,yes,ok,within Stage 6A workspace
traj_004,TUBE-004,8,LIFT_TO_SAFE_Z_AFTER_SCAN,-92.000,170.000,180.000,yes,yes,yes,ok,within Stage 6A workspace
traj_004,TUBE-004,9,MOVE_SAFE_ABOVE_TARGET,222.000,-146.000,180.000,yes,yes,yes,ok,within Stage 6A workspace
traj_004,TUBE-004,10,APPROACH_TARGET_SLOT,222.000,-146.000,120.000,yes,yes,yes,ok,within Stage 6A workspace
traj_004,TUBE-004,11,PLACE_TUBE,222.000,-146.000,70.000,yes,yes,yes,ok,within Stage 6A workspace
traj_004,TUBE-004,12,RETREAT_TO_SAFE_Z,222.000,-146.000,180.000,yes,yes,yes,ok,within Stage 6A workspace
traj_005,TUBE-005,1,MOVE_SAFE_ABOVE_INPUT,-118.000,342.000,180.000,yes,yes,yes,ok,within Stage 6A workspace
traj_005,TUBE-005,2,APPROACH_INPUT_SLOT,-118.000,342.000,120.000,yes,yes,yes,ok,within Stage 6A workspace
traj_005,TUBE-005,3,PICK_TUBE,-118.000,342.000,55.000,yes,yes,yes,ok,within Stage 6A workspace
traj_005,TUBE-005,4,LIFT_TO_SAFE_Z,-118.000,342.000,180.000,yes,yes,yes,ok,within Stage 6A workspace
traj_005,TUBE-005,5,MOVE_SAFE_ABOVE_SCAN,-92.000,170.000,180.000,yes,yes,yes,ok,within Stage 6A workspace
traj_005,TUBE-005,6,APPROACH_SCAN_STATION,-92.000,170.000,75.000,yes,yes,yes,ok,within Stage 6A workspace
traj_005,TUBE-005,7,SCAN_BARCODE,-92.000,170.000,75.000,yes,yes,yes,ok,within Stage 6A workspace
traj_005,TUBE-005,8,LIFT_TO_SAFE_Z_AFTER_SCAN,-92.000,170.000,180.000,yes,yes,yes,ok,within Stage 6A workspace
traj_005,TUBE-005,9,MOVE_SAFE_ABOVE_TARGET,222.000,-316.000,180.000,yes,yes,yes,ok,within Stage 6A workspace
traj_005,TUBE-005,10,APPROACH_TARGET_SLOT,222.000,-316.000,120.000,yes,yes,yes,ok,within Stage 6A workspace
traj_005,TUBE-005,11,PLACE_TUBE,222.000,-316.000,45.000,yes,yes,yes,ok,within Stage 6A workspace
traj_005,TUBE-005,12,RETREAT_TO_SAFE_Z,222.000,-316.000,180.000,yes,yes,yes,ok,within Stage 6A workspace
traj_006,TUBE-006,1,MOVE_SAFE_ABOVE_INPUT,-90.000,342.000,180.000,yes,yes,yes,ok,within Stage 6A workspace
traj_006,TUBE-006,2,APPROACH_INPUT_SLOT,-90.000,342.000,120.000,yes,yes,yes,ok,within Stage 6A workspace
traj_006,TUBE-006,3,PICK_TUBE,-90.000,342.000,55.000,yes,yes,yes,ok,within Stage 6A workspace
traj_006,TUBE-006,4,LIFT_TO_SAFE_Z,-90.000,342.000,180.000,yes,yes,yes,ok,within Stage 6A workspace
traj_006,TUBE-006,5,MOVE_SAFE_ABOVE_SCAN,-92.000,170.000,180.000,yes,yes,yes,ok,within Stage 6A workspace
traj_006,TUBE-006,6,APPROACH_SCAN_STATION,-92.000,170.000,75.000,yes,yes,yes,ok,within Stage 6A workspace
traj_006,TUBE-006,7,SCAN_BARCODE,-92.000,170.000,75.000,yes,yes,yes,ok,within Stage 6A workspace
traj_006,TUBE-006,8,LIFT_TO_SAFE_Z_AFTER_SCAN,-92.000,170.000,180.000,yes,yes,yes,ok,within Stage 6A workspace
traj_006,TUBE-006,9,MOVE_SAFE_ABOVE_TARGET,90.000,-146.000,180.000,yes,yes,yes,ok,within Stage 6A workspace
traj_006,TUBE-006,10,APPROACH_TARGET_SLOT,90.000,-146.000,120.000,yes,yes,yes,ok,within Stage 6A workspace
traj_006,TUBE-006,11,PLACE_TUBE,90.000,-146.000,45.000,yes,yes,yes,ok,within Stage 6A workspace
traj_006,TUBE-006,12,RETREAT_TO_SAFE_Z,90.000,-146.000,180.000,yes,yes,yes,ok,within Stage 6A workspace
traj_007,TUBE-007,1,MOVE_SAFE_ABOVE_INPUT,-230.000,314.000,180.000,yes,yes,yes,ok,within Stage 6A workspace
traj_007,TUBE-007,2,APPROACH_INPUT_SLOT,-230.000,314.000,120.000,yes,yes,yes,ok,within Stage 6A workspace
traj_007,TUBE-007,3,PICK_TUBE,-230.000,314.000,80.000,yes,yes,yes,ok,within Stage 6A workspace
traj_007,TUBE-007,4,LIFT_TO_SAFE_Z,-230.000,314.000,180.000,yes,yes,yes,ok,within Stage 6A workspace
traj_007,TUBE-007,5,MOVE_SAFE_ABOVE_SCAN,-92.000,170.000,180.000,yes,yes,yes,ok,within Stage 6A workspace
traj_007,TUBE-007,6,APPROACH_SCAN_STATION,-92.000,170.000,75.000,yes,yes,yes,ok,within Stage 6A workspace
traj_007,TUBE-007,7,SCAN_BARCODE,-92.000,170.000,75.000,yes,yes,yes,ok,within Stage 6A workspace
traj_007,TUBE-007,8,LIFT_TO_SAFE_Z_AFTER_SCAN,-92.000,170.000,180.000,yes,yes,yes,ok,within Stage 6A workspace
traj_007,TUBE-007,9,MOVE_SAFE_ABOVE_TARGET,250.000,-146.000,180.000,yes,yes,yes,ok,within Stage 6A workspace
traj_007,TUBE-007,10,APPROACH_TARGET_SLOT,250.000,-146.000,120.000,yes,yes,yes,ok,within Stage 6A workspace
traj_007,TUBE-007,11,PLACE_TUBE,250.000,-146.000,70.000,yes,yes,yes,ok,within Stage 6A workspace
traj_007,TUBE-007,12,RETREAT_TO_SAFE_Z,250.000,-146.000,180.000,yes,yes,yes,ok,within Stage 6A workspace
traj_008,TUBE-008,1,MOVE_SAFE_ABOVE_INPUT,-202.000,314.000,180.000,yes,yes,yes,ok,within Stage 6A workspace
traj_008,TUBE-008,2,APPROACH_INPUT_SLOT,-202.000,314.000,120.000,yes,yes,yes,ok,within Stage 6A workspace
traj_008,TUBE-008,3,PICK_TUBE,-202.000,314.000,55.000,yes,yes,yes,ok,within Stage 6A workspace
traj_008,TUBE-008,4,LIFT_TO_SAFE_Z,-202.000,314.000,180.000,yes,yes,yes,ok,within Stage 6A workspace
traj_008,TUBE-008,5,MOVE_SAFE_ABOVE_SCAN,-92.000,170.000,180.000,yes,yes,yes,ok,within Stage 6A workspace
traj_008,TUBE-008,6,APPROACH_SCAN_STATION,-92.000,170.000,75.000,yes,yes,yes,ok,within Stage 6A workspace
traj_008,TUBE-008,7,SCAN_BARCODE,-92.000,170.000,75.000,yes,yes,yes,ok,within Stage 6A workspace
traj_008,TUBE-008,8,LIFT_TO_SAFE_Z_AFTER_SCAN,-92.000,170.000,180.000,yes,yes,yes,ok,within Stage 6A workspace
traj_008,TUBE-008,9,MOVE_SAFE_ABOVE_TARGET,90.000,-316.000,180.000,yes,yes,yes,ok,within Stage 6A workspace
traj_008,TUBE-008,10,APPROACH_TARGET_SLOT,90.000,-316.000,120.000,yes,yes,yes,ok,within Stage 6A workspace
traj_008,TUBE-008,11,PLACE_TUBE,90.000,-316.000,45.000,yes,yes,yes,ok,within Stage 6A workspace
traj_008,TUBE-008,12,RETREAT_TO_SAFE_Z,90.000,-316.000,180.000,yes,yes,yes,ok,within Stage 6A workspace
traj_009,TUBE-009,1,MOVE_SAFE_ABOVE_INPUT,-174.000,314.000,180.000,yes,yes,yes,ok,within Stage 6A workspace
traj_009,TUBE-009,2,APPROACH_INPUT_SLOT,-174.000,314.000,120.000,yes,yes,yes,ok,within Stage 6A workspace
traj_009,TUBE-009,3,PICK_TUBE,-174.000,314.000,55.000,yes,yes,yes,ok,within Stage 6A workspace
traj_009,TUBE-009,4,LIFT_TO_SAFE_Z,-174.000,314.000,180.000,yes,yes,yes,ok,within Stage 6A workspace
traj_009,TUBE-009,5,MOVE_SAFE_ABOVE_SCAN,-92.000,170.000,180.000,yes,yes,yes,ok,within Stage 6A workspace
traj_009,TUBE-009,6,APPROACH_SCAN_STATION,-92.000,170.000,75.000,yes,yes,yes,ok,within Stage 6A workspace
traj_009,TUBE-009,7,SCAN_BARCODE,-92.000,170.000,75.000,yes,yes,yes,ok,within Stage 6A workspace
traj_009,TUBE-009,8,LIFT_TO_SAFE_Z_AFTER_SCAN,-92.000,170.000,180.000,yes,yes,yes,ok,within Stage 6A workspace
traj_009,TUBE-009,9,MOVE_SAFE_ABOVE_TARGET,250.000,-316.000,180.000,yes,yes,yes,ok,within Stage 6A workspace
traj_009,TUBE-009,10,APPROACH_TARGET_SLOT,250.000,-316.000,120.000,yes,yes,yes,ok,within Stage 6A workspace
traj_009,TUBE-009,11,PLACE_TUBE,250.000,-316.000,45.000,yes,yes,yes,ok,within Stage 6A workspace
traj_009,TUBE-009,12,RETREAT_TO_SAFE_Z,250.000,-316.000,180.000,yes,yes,yes,ok,within Stage 6A workspace
traj_010,TUBE-010,1,MOVE_SAFE_ABOVE_INPUT,-146.000,314.000,180.000,yes,yes,yes,ok,within Stage 6A workspace
traj_010,TUBE-010,2,APPROACH_INPUT_SLOT,-146.000,314.000,120.000,yes,yes,yes,ok,within Stage 6A workspace
traj_010,TUBE-010,3,PICK_TUBE,-146.000,314.000,55.000,yes,yes,yes,ok,within Stage 6A workspace
traj_010,TUBE-010,4,LIFT_TO_SAFE_Z,-146.000,314.000,180.000,yes,yes,yes,ok,within Stage 6A workspace
traj_010,TUBE-010,5,MOVE_SAFE_ABOVE_SCAN,-92.000,170.000,180.000,yes,yes,yes,ok,within Stage 6A workspace
traj_010,TUBE-010,6,APPROACH_SCAN_STATION,-92.000,170.000,75.000,yes,yes,yes,ok,within Stage 6A workspace
traj_010,TUBE-010,7,SCAN_BARCODE,-92.000,170.000,75.000,yes,yes,yes,ok,within Stage 6A workspace
traj_010,TUBE-010,8,LIFT_TO_SAFE_Z_AFTER_SCAN,-92.000,170.000,180.000,yes,yes,yes,ok,within Stage 6A workspace
traj_010,TUBE-010,9,MOVE_SAFE_ABOVE_TARGET,118.000,-146.000,180.000,yes,yes,yes,ok,within Stage 6A workspace
traj_010,TUBE-010,10,APPROACH_TARGET_SLOT,118.000,-146.000,120.000,yes,yes,yes,ok,within Stage 6A workspace
traj_010,TUBE-010,11,PLACE_TUBE,118.000,-146.000,45.000,yes,yes,yes,ok,within Stage 6A workspace
traj_010,TUBE-010,12,RETREAT_TO_SAFE_Z,118.000,-146.000,180.000,yes,yes,yes,ok,within Stage 6A workspace
traj_011,TUBE-011,1,MOVE_SAFE_ABOVE_INPUT,-118.000,314.000,180.000,yes,yes,yes,ok,within Stage 6A workspace
traj_011,TUBE-011,2,APPROACH_INPUT_SLOT,-118.000,314.000,120.000,yes,yes,yes,ok,within Stage 6A workspace
traj_011,TUBE-011,3,PICK_TUBE,-118.000,314.000,80.000,yes,yes,yes,ok,within Stage 6A workspace
traj_011,TUBE-011,4,LIFT_TO_SAFE_Z,-118.000,314.000,180.000,yes,yes,yes,ok,within Stage 6A workspace
traj_011,TUBE-011,5,MOVE_SAFE_ABOVE_SCAN,-92.000,170.000,180.000,yes,yes,yes,ok,within Stage 6A workspace
traj_011,TUBE-011,6,APPROACH_SCAN_STATION,-92.000,170.000,75.000,yes,yes,yes,ok,within Stage 6A workspace
traj_011,TUBE-011,7,SCAN_BARCODE,-92.000,170.000,75.000,yes,yes,yes,ok,within Stage 6A workspace
traj_011,TUBE-011,8,LIFT_TO_SAFE_Z_AFTER_SCAN,-92.000,170.000,180.000,yes,yes,yes,ok,within Stage 6A workspace
traj_011,TUBE-011,9,MOVE_SAFE_ABOVE_TARGET,278.000,-146.000,180.000,yes,yes,yes,ok,within Stage 6A workspace
traj_011,TUBE-011,10,APPROACH_TARGET_SLOT,278.000,-146.000,120.000,yes,yes,yes,ok,within Stage 6A workspace
traj_011,TUBE-011,11,PLACE_TUBE,278.000,-146.000,70.000,yes,yes,yes,ok,within Stage 6A workspace
traj_011,TUBE-011,12,RETREAT_TO_SAFE_Z,278.000,-146.000,180.000,yes,yes,yes,ok,within Stage 6A workspace
traj_012,TUBE-012,1,MOVE_SAFE_ABOVE_INPUT,-90.000,314.000,180.000,yes,yes,yes,ok,within Stage 6A workspace
traj_012,TUBE-012,2,APPROACH_INPUT_SLOT,-90.000,314.000,120.000,yes,yes,yes,ok,within Stage 6A workspace
traj_012,TUBE-012,3,PICK_TUBE,-90.000,314.000,55.000,yes,yes,yes,ok,within Stage 6A workspace
traj_012,TUBE-012,4,LIFT_TO_SAFE_Z,-90.000,314.000,180.000,yes,yes,yes,ok,within Stage 6A workspace
traj_012,TUBE-012,5,MOVE_SAFE_ABOVE_SCAN,-92.000,170.000,180.000,yes,yes,yes,ok,within Stage 6A workspace
traj_012,TUBE-012,6,APPROACH_SCAN_STATION,-92.000,170.000,75.000,yes,yes,yes,ok,within Stage 6A workspace
traj_012,TUBE-012,7,SCAN_BARCODE,-92.000,170.000,75.000,yes,yes,yes,ok,within Stage 6A workspace
traj_012,TUBE-012,8,LIFT_TO_SAFE_Z_AFTER_SCAN,-92.000,170.000,180.000,yes,yes,yes,ok,within Stage 6A workspace
traj_012,TUBE-012,9,MOVE_SAFE_ABOVE_TARGET,118.000,-316.000,180.000,yes,yes,yes,ok,within Stage 6A workspace
traj_012,TUBE-012,10,APPROACH_TARGET_SLOT,118.000,-316.000,120.000,yes,yes,yes,ok,within Stage 6A workspace
traj_012,TUBE-012,11,PLACE_TUBE,118.000,-316.000,45.000,yes,yes,yes,ok,within Stage 6A workspace
traj_012,TUBE-012,12,RETREAT_TO_SAFE_Z,118.000,-316.000,180.000,yes,yes,yes,ok,within Stage 6A workspace
traj_013,TUBE-013,1,MOVE_SAFE_ABOVE_INPUT,-230.000,286.000,180.000,yes,yes,yes,ok,within Stage 6A workspace
traj_013,TUBE-013,2,APPROACH_INPUT_SLOT,-230.000,286.000,120.000,yes,yes,yes,ok,within Stage 6A workspace
traj_013,TUBE-013,3,PICK_TUBE,-230.000,286.000,55.000,yes,yes,yes,ok,within Stage 6A workspace
traj_013,TUBE-013,4,LIFT_TO_SAFE_Z,-230.000,286.000,180.000,yes,yes,yes,ok,within Stage 6A workspace
traj_013,TUBE-013,5,MOVE_SAFE_ABOVE_SCAN,-92.000,170.000,180.000,yes,yes,yes,ok,within Stage 6A workspace
traj_013,TUBE-013,6,APPROACH_SCAN_STATION,-92.000,170.000,75.000,yes,yes,yes,ok,within Stage 6A workspace
traj_013,TUBE-013,7,SCAN_BARCODE,-92.000,170.000,75.000,yes,yes,yes,ok,within Stage 6A workspace
traj_013,TUBE-013,8,LIFT_TO_SAFE_Z_AFTER_SCAN,-92.000,170.000,180.000,yes,yes,yes,ok,within Stage 6A workspace
traj_013,TUBE-013,9,MOVE_SAFE_ABOVE_TARGET,278.000,-316.000,180.000,yes,yes,yes,ok,within Stage 6A workspace
traj_013,TUBE-013,10,APPROACH_TARGET_SLOT,278.000,-316.000,120.000,yes,yes,yes,ok,within Stage 6A workspace
traj_013,TUBE-013,11,PLACE_TUBE,278.000,-316.000,45.000,yes,yes,yes,ok,within Stage 6A workspace
traj_013,TUBE-013,12,RETREAT_TO_SAFE_Z,278.000,-316.000,180.000,yes,yes,yes,ok,within Stage 6A workspace
traj_014,TUBE-014,1,MOVE_SAFE_ABOVE_INPUT,-202.000,286.000,180.000,yes,yes,yes,ok,within Stage 6A workspace
traj_014,TUBE-014,2,APPROACH_INPUT_SLOT,-202.000,286.000,120.000,yes,yes,yes,ok,within Stage 6A workspace
traj_014,TUBE-014,3,PICK_TUBE,-202.000,286.000,55.000,yes,yes,yes,ok,within Stage 6A workspace
traj_014,TUBE-014,4,LIFT_TO_SAFE_Z,-202.000,286.000,180.000,yes,yes,yes,ok,within Stage 6A workspace
traj_014,TUBE-014,5,MOVE_SAFE_ABOVE_SCAN,-92.000,170.000,180.000,yes,yes,yes,ok,within Stage 6A workspace
traj_014,TUBE-014,6,APPROACH_SCAN_STATION,-92.000,170.000,75.000,yes,yes,yes,ok,within Stage 6A workspace
traj_014,TUBE-014,7,SCAN_BARCODE,-92.000,170.000,75.000,yes,yes,yes,ok,within Stage 6A workspace
traj_014,TUBE-014,8,LIFT_TO_SAFE_Z_AFTER_SCAN,-92.000,170.000,180.000,yes,yes,yes,ok,within Stage 6A workspace
traj_014,TUBE-014,9,MOVE_SAFE_ABOVE_TARGET,62.000,-174.000,180.000,yes,yes,yes,ok,within Stage 6A workspace
traj_014,TUBE-014,10,APPROACH_TARGET_SLOT,62.000,-174.000,120.000,yes,yes,yes,ok,within Stage 6A workspace
traj_014,TUBE-014,11,PLACE_TUBE,62.000,-174.000,45.000,yes,yes,yes,ok,within Stage 6A workspace
traj_014,TUBE-014,12,RETREAT_TO_SAFE_Z,62.000,-174.000,180.000,yes,yes,yes,ok,within Stage 6A workspace
traj_015,TUBE-015,1,MOVE_SAFE_ABOVE_INPUT,-174.000,286.000,180.000,yes,yes,yes,ok,within Stage 6A workspace
traj_015,TUBE-015,2,APPROACH_INPUT_SLOT,-174.000,286.000,120.000,yes,yes,yes,ok,within Stage 6A workspace
traj_015,TUBE-015,3,PICK_TUBE,-174.000,286.000,80.000,yes,yes,yes,ok,within Stage 6A workspace
traj_015,TUBE-015,4,LIFT_TO_SAFE_Z,-174.000,286.000,180.000,yes,yes,yes,ok,within Stage 6A workspace
traj_015,TUBE-015,5,MOVE_SAFE_ABOVE_SCAN,-92.000,170.000,180.000,yes,yes,yes,ok,within Stage 6A workspace
traj_015,TUBE-015,6,APPROACH_SCAN_STATION,-92.000,170.000,75.000,yes,yes,yes,ok,within Stage 6A workspace
traj_015,TUBE-015,7,SCAN_BARCODE,-92.000,170.000,75.000,yes,yes,yes,ok,within Stage 6A workspace
traj_015,TUBE-015,8,LIFT_TO_SAFE_Z_AFTER_SCAN,-92.000,170.000,180.000,yes,yes,yes,ok,within Stage 6A workspace
traj_015,TUBE-015,9,MOVE_SAFE_ABOVE_TARGET,222.000,-174.000,180.000,yes,yes,yes,ok,within Stage 6A workspace
traj_015,TUBE-015,10,APPROACH_TARGET_SLOT,222.000,-174.000,120.000,yes,yes,yes,ok,within Stage 6A workspace
traj_015,TUBE-015,11,PLACE_TUBE,222.000,-174.000,70.000,yes,yes,yes,ok,within Stage 6A workspace
traj_015,TUBE-015,12,RETREAT_TO_SAFE_Z,222.000,-174.000,180.000,yes,yes,yes,ok,within Stage 6A workspace
traj_016,TUBE-016,1,MOVE_SAFE_ABOVE_INPUT,-146.000,286.000,180.000,yes,yes,yes,ok,within Stage 6A workspace
traj_016,TUBE-016,2,APPROACH_INPUT_SLOT,-146.000,286.000,120.000,yes,yes,yes,ok,within Stage 6A workspace
traj_016,TUBE-016,3,PICK_TUBE,-146.000,286.000,55.000,yes,yes,yes,ok,within Stage 6A workspace
traj_016,TUBE-016,4,LIFT_TO_SAFE_Z,-146.000,286.000,180.000,yes,yes,yes,ok,within Stage 6A workspace
traj_016,TUBE-016,5,MOVE_SAFE_ABOVE_SCAN,-92.000,170.000,180.000,yes,yes,yes,ok,within Stage 6A workspace
traj_016,TUBE-016,6,APPROACH_SCAN_STATION,-92.000,170.000,75.000,yes,yes,yes,ok,within Stage 6A workspace
traj_016,TUBE-016,7,SCAN_BARCODE,-92.000,170.000,75.000,yes,yes,yes,ok,within Stage 6A workspace
traj_016,TUBE-016,8,LIFT_TO_SAFE_Z_AFTER_SCAN,-92.000,170.000,180.000,yes,yes,yes,ok,within Stage 6A workspace
traj_016,TUBE-016,9,MOVE_SAFE_ABOVE_TARGET,-205.000,-316.000,180.000,yes,yes,yes,ok,within Stage 6A workspace
traj_016,TUBE-016,10,APPROACH_TARGET_SLOT,-205.000,-316.000,120.000,yes,yes,yes,ok,within Stage 6A workspace
traj_016,TUBE-016,11,PLACE_TUBE,-205.000,-316.000,45.000,yes,yes,yes,ok,within Stage 6A workspace
traj_016,TUBE-016,12,RETREAT_TO_SAFE_Z,-205.000,-316.000,180.000,yes,yes,yes,ok,within Stage 6A workspace
traj_017,TUBE-017,1,MOVE_SAFE_ABOVE_INPUT,-118.000,286.000,180.000,yes,yes,yes,ok,within Stage 6A workspace
traj_017,TUBE-017,2,APPROACH_INPUT_SLOT,-118.000,286.000,120.000,yes,yes,yes,ok,within Stage 6A workspace
traj_017,TUBE-017,3,PICK_TUBE,-118.000,286.000,55.000,yes,yes,yes,ok,within Stage 6A workspace
traj_017,TUBE-017,4,LIFT_TO_SAFE_Z,-118.000,286.000,180.000,yes,yes,yes,ok,within Stage 6A workspace
traj_017,TUBE-017,5,MOVE_SAFE_ABOVE_SCAN,-92.000,170.000,180.000,yes,yes,yes,ok,within Stage 6A workspace
traj_017,TUBE-017,6,APPROACH_SCAN_STATION,-92.000,170.000,75.000,yes,yes,yes,ok,within Stage 6A workspace
traj_017,TUBE-017,7,SCAN_BARCODE,-92.000,170.000,75.000,yes,yes,yes,ok,within Stage 6A workspace
traj_017,TUBE-017,8,LIFT_TO_SAFE_Z_AFTER_SCAN,-92.000,170.000,180.000,yes,yes,yes,ok,within Stage 6A workspace
traj_017,TUBE-017,9,MOVE_SAFE_ABOVE_TARGET,62.000,-344.000,180.000,yes,yes,yes,ok,within Stage 6A workspace
traj_017,TUBE-017,10,APPROACH_TARGET_SLOT,62.000,-344.000,120.000,yes,yes,yes,ok,within Stage 6A workspace
traj_017,TUBE-017,11,PLACE_TUBE,62.000,-344.000,45.000,yes,yes,yes,ok,within Stage 6A workspace
traj_017,TUBE-017,12,RETREAT_TO_SAFE_Z,62.000,-344.000,180.000,yes,yes,yes,ok,within Stage 6A workspace
traj_018,TUBE-018,1,MOVE_SAFE_ABOVE_INPUT,-90.000,286.000,180.000,yes,yes,yes,ok,within Stage 6A workspace
traj_018,TUBE-018,2,APPROACH_INPUT_SLOT,-90.000,286.000,120.000,yes,yes,yes,ok,within Stage 6A workspace
traj_018,TUBE-018,3,PICK_TUBE,-90.000,286.000,55.000,yes,yes,yes,ok,within Stage 6A workspace
traj_018,TUBE-018,4,LIFT_TO_SAFE_Z,-90.000,286.000,180.000,yes,yes,yes,ok,within Stage 6A workspace
traj_018,TUBE-018,5,MOVE_SAFE_ABOVE_SCAN,-92.000,170.000,180.000,yes,yes,yes,ok,within Stage 6A workspace
traj_018,TUBE-018,6,APPROACH_SCAN_STATION,-92.000,170.000,75.000,yes,yes,yes,ok,within Stage 6A workspace
traj_018,TUBE-018,7,SCAN_BARCODE,-92.000,170.000,75.000,yes,yes,yes,ok,within Stage 6A workspace
traj_018,TUBE-018,8,LIFT_TO_SAFE_Z_AFTER_SCAN,-92.000,170.000,180.000,yes,yes,yes,ok,within Stage 6A workspace
traj_018,TUBE-018,9,MOVE_SAFE_ABOVE_TARGET,222.000,-344.000,180.000,yes,yes,yes,ok,within Stage 6A workspace
traj_018,TUBE-018,10,APPROACH_TARGET_SLOT,222.000,-344.000,120.000,yes,yes,yes,ok,within Stage 6A workspace
traj_018,TUBE-018,11,PLACE_TUBE,222.000,-344.000,45.000,yes,yes,yes,ok,within Stage 6A workspace
traj_018,TUBE-018,12,RETREAT_TO_SAFE_Z,222.000,-344.000,180.000,yes,yes,yes,ok,within Stage 6A workspace
traj_019,TUBE-019,1,MOVE_SAFE_ABOVE_INPUT,-230.000,258.000,180.000,yes,yes,yes,ok,within Stage 6A workspace
traj_019,TUBE-019,2,APPROACH_INPUT_SLOT,-230.000,258.000,120.000,yes,yes,yes,ok,within Stage 6A workspace
traj_019,TUBE-019,3,PICK_TUBE,-230.000,258.000,55.000,yes,yes,yes,ok,within Stage 6A workspace
traj_019,TUBE-019,4,LIFT_TO_SAFE_Z,-230.000,258.000,180.000,yes,yes,yes,ok,within Stage 6A workspace
traj_019,TUBE-019,5,MOVE_SAFE_ABOVE_SCAN,-92.000,170.000,180.000,yes,yes,yes,ok,within Stage 6A workspace
traj_019,TUBE-019,6,APPROACH_SCAN_STATION,-92.000,170.000,75.000,yes,yes,yes,ok,within Stage 6A workspace
traj_019,TUBE-019,7,SCAN_BARCODE,-92.000,170.000,75.000,yes,yes,yes,ok,within Stage 6A workspace
traj_019,TUBE-019,8,LIFT_TO_SAFE_Z_AFTER_SCAN,-92.000,170.000,180.000,yes,yes,yes,ok,within Stage 6A workspace
traj_019,TUBE-019,9,MOVE_SAFE_ABOVE_TARGET,90.000,-174.000,180.000,yes,yes,yes,ok,within Stage 6A workspace
traj_019,TUBE-019,10,APPROACH_TARGET_SLOT,90.000,-174.000,120.000,yes,yes,yes,ok,within Stage 6A workspace
traj_019,TUBE-019,11,PLACE_TUBE,90.000,-174.000,45.000,yes,yes,yes,ok,within Stage 6A workspace
traj_019,TUBE-019,12,RETREAT_TO_SAFE_Z,90.000,-174.000,180.000,yes,yes,yes,ok,within Stage 6A workspace
traj_020,TUBE-020,1,MOVE_SAFE_ABOVE_INPUT,-202.000,258.000,180.000,yes,yes,yes,ok,within Stage 6A workspace
traj_020,TUBE-020,2,APPROACH_INPUT_SLOT,-202.000,258.000,120.000,yes,yes,yes,ok,within Stage 6A workspace
traj_020,TUBE-020,3,PICK_TUBE,-202.000,258.000,80.000,yes,yes,yes,ok,within Stage 6A workspace
traj_020,TUBE-020,4,LIFT_TO_SAFE_Z,-202.000,258.000,180.000,yes,yes,yes,ok,within Stage 6A workspace
traj_020,TUBE-020,5,MOVE_SAFE_ABOVE_SCAN,-92.000,170.000,180.000,yes,yes,yes,ok,within Stage 6A workspace
traj_020,TUBE-020,6,APPROACH_SCAN_STATION,-92.000,170.000,75.000,yes,yes,yes,ok,within Stage 6A workspace
traj_020,TUBE-020,7,SCAN_BARCODE,-92.000,170.000,75.000,yes,yes,yes,ok,within Stage 6A workspace
traj_020,TUBE-020,8,LIFT_TO_SAFE_Z_AFTER_SCAN,-92.000,170.000,180.000,yes,yes,yes,ok,within Stage 6A workspace
traj_020,TUBE-020,9,MOVE_SAFE_ABOVE_TARGET,250.000,-174.000,180.000,yes,yes,yes,ok,within Stage 6A workspace
traj_020,TUBE-020,10,APPROACH_TARGET_SLOT,250.000,-174.000,120.000,yes,yes,yes,ok,within Stage 6A workspace
traj_020,TUBE-020,11,PLACE_TUBE,250.000,-174.000,70.000,yes,yes,yes,ok,within Stage 6A workspace
traj_020,TUBE-020,12,RETREAT_TO_SAFE_Z,250.000,-174.000,180.000,yes,yes,yes,ok,within Stage 6A workspace
traj_021,TUBE-021,1,MOVE_SAFE_ABOVE_INPUT,-174.000,258.000,180.000,yes,yes,yes,ok,within Stage 6A workspace
traj_021,TUBE-021,2,APPROACH_INPUT_SLOT,-174.000,258.000,120.000,yes,yes,yes,ok,within Stage 6A workspace
traj_021,TUBE-021,3,PICK_TUBE,-174.000,258.000,55.000,yes,yes,yes,ok,within Stage 6A workspace
traj_021,TUBE-021,4,LIFT_TO_SAFE_Z,-174.000,258.000,180.000,yes,yes,yes,ok,within Stage 6A workspace
traj_021,TUBE-021,5,MOVE_SAFE_ABOVE_SCAN,-92.000,170.000,180.000,yes,yes,yes,ok,within Stage 6A workspace
traj_021,TUBE-021,6,APPROACH_SCAN_STATION,-92.000,170.000,75.000,yes,yes,yes,ok,within Stage 6A workspace
traj_021,TUBE-021,7,SCAN_BARCODE,-92.000,170.000,75.000,yes,yes,yes,ok,within Stage 6A workspace
traj_021,TUBE-021,8,LIFT_TO_SAFE_Z_AFTER_SCAN,-92.000,170.000,180.000,yes,yes,yes,ok,within Stage 6A workspace
traj_021,TUBE-021,9,MOVE_SAFE_ABOVE_TARGET,90.000,-344.000,180.000,yes,yes,yes,ok,within Stage 6A workspace
traj_021,TUBE-021,10,APPROACH_TARGET_SLOT,90.000,-344.000,120.000,yes,yes,yes,ok,within Stage 6A workspace
traj_021,TUBE-021,11,PLACE_TUBE,90.000,-344.000,45.000,yes,yes,yes,ok,within Stage 6A workspace
traj_021,TUBE-021,12,RETREAT_TO_SAFE_Z,90.000,-344.000,180.000,yes,yes,yes,ok,within Stage 6A workspace
traj_022,TUBE-022,1,MOVE_SAFE_ABOVE_INPUT,-146.000,258.000,180.000,yes,yes,yes,ok,within Stage 6A workspace
traj_022,TUBE-022,2,APPROACH_INPUT_SLOT,-146.000,258.000,120.000,yes,yes,yes,ok,within Stage 6A workspace
traj_022,TUBE-022,3,PICK_TUBE,-146.000,258.000,55.000,yes,yes,yes,ok,within Stage 6A workspace
traj_022,TUBE-022,4,LIFT_TO_SAFE_Z,-146.000,258.000,180.000,yes,yes,yes,ok,within Stage 6A workspace
traj_022,TUBE-022,5,MOVE_SAFE_ABOVE_SCAN,-92.000,170.000,180.000,yes,yes,yes,ok,within Stage 6A workspace
traj_022,TUBE-022,6,APPROACH_SCAN_STATION,-92.000,170.000,75.000,yes,yes,yes,ok,within Stage 6A workspace
traj_022,TUBE-022,7,SCAN_BARCODE,-92.000,170.000,75.000,yes,yes,yes,ok,within Stage 6A workspace
traj_022,TUBE-022,8,LIFT_TO_SAFE_Z_AFTER_SCAN,-92.000,170.000,180.000,yes,yes,yes,ok,within Stage 6A workspace
traj_022,TUBE-022,9,MOVE_SAFE_ABOVE_TARGET,250.000,-344.000,180.000,yes,yes,yes,ok,within Stage 6A workspace
traj_022,TUBE-022,10,APPROACH_TARGET_SLOT,250.000,-344.000,120.000,yes,yes,yes,ok,within Stage 6A workspace
traj_022,TUBE-022,11,PLACE_TUBE,250.000,-344.000,45.000,yes,yes,yes,ok,within Stage 6A workspace
traj_022,TUBE-022,12,RETREAT_TO_SAFE_Z,250.000,-344.000,180.000,yes,yes,yes,ok,within Stage 6A workspace
traj_023,TUBE-023,1,MOVE_SAFE_ABOVE_INPUT,-118.000,258.000,180.000,yes,yes,yes,ok,within Stage 6A workspace
traj_023,TUBE-023,2,APPROACH_INPUT_SLOT,-118.000,258.000,120.000,yes,yes,yes,ok,within Stage 6A workspace
traj_023,TUBE-023,3,PICK_TUBE,-118.000,258.000,55.000,yes,yes,yes,ok,within Stage 6A workspace
traj_023,TUBE-023,4,LIFT_TO_SAFE_Z,-118.000,258.000,180.000,yes,yes,yes,ok,within Stage 6A workspace
traj_023,TUBE-023,5,MOVE_SAFE_ABOVE_SCAN,-92.000,170.000,180.000,yes,yes,yes,ok,within Stage 6A workspace
traj_023,TUBE-023,6,APPROACH_SCAN_STATION,-92.000,170.000,75.000,yes,yes,yes,ok,within Stage 6A workspace
traj_023,TUBE-023,7,SCAN_BARCODE,-92.000,170.000,75.000,yes,yes,yes,ok,within Stage 6A workspace
traj_023,TUBE-023,8,LIFT_TO_SAFE_Z_AFTER_SCAN,-92.000,170.000,180.000,yes,yes,yes,ok,within Stage 6A workspace
traj_023,TUBE-023,9,MOVE_SAFE_ABOVE_TARGET,118.000,-174.000,180.000,yes,yes,yes,ok,within Stage 6A workspace
traj_023,TUBE-023,10,APPROACH_TARGET_SLOT,118.000,-174.000,120.000,yes,yes,yes,ok,within Stage 6A workspace
traj_023,TUBE-023,11,PLACE_TUBE,118.000,-174.000,45.000,yes,yes,yes,ok,within Stage 6A workspace
traj_023,TUBE-023,12,RETREAT_TO_SAFE_Z,118.000,-174.000,180.000,yes,yes,yes,ok,within Stage 6A workspace
traj_024,TUBE-024,1,MOVE_SAFE_ABOVE_INPUT,-90.000,258.000,180.000,yes,yes,yes,ok,within Stage 6A workspace
traj_024,TUBE-024,2,APPROACH_INPUT_SLOT,-90.000,258.000,120.000,yes,yes,yes,ok,within Stage 6A workspace
traj_024,TUBE-024,3,PICK_TUBE,-90.000,258.000,80.000,yes,yes,yes,ok,within Stage 6A workspace
traj_024,TUBE-024,4,LIFT_TO_SAFE_Z,-90.000,258.000,180.000,yes,yes,yes,ok,within Stage 6A workspace
traj_024,TUBE-024,5,MOVE_SAFE_ABOVE_SCAN,-92.000,170.000,180.000,yes,yes,yes,ok,within Stage 6A workspace
traj_024,TUBE-024,6,APPROACH_SCAN_STATION,-92.000,170.000,75.000,yes,yes,yes,ok,within Stage 6A workspace
traj_024,TUBE-024,7,SCAN_BARCODE,-92.000,170.000,75.000,yes,yes,yes,ok,within Stage 6A workspace
traj_024,TUBE-024,8,LIFT_TO_SAFE_Z_AFTER_SCAN,-92.000,170.000,180.000,yes,yes,yes,ok,within Stage 6A workspace
traj_024,TUBE-024,9,MOVE_SAFE_ABOVE_TARGET,278.000,-174.000,180.000,yes,yes,yes,ok,within Stage 6A workspace
traj_024,TUBE-024,10,APPROACH_TARGET_SLOT,278.000,-174.000,120.000,yes,yes,yes,ok,within Stage 6A workspace
traj_024,TUBE-024,11,PLACE_TUBE,278.000,-174.000,70.000,yes,yes,yes,ok,within Stage 6A workspace
traj_024,TUBE-024,12,RETREAT_TO_SAFE_Z,278.000,-174.000,180.000,yes,yes,yes,ok,within Stage 6A workspace
